"SMILES","RECORDID","MOLECULEID","EXTERNALID","N","INTRODUCER","MODIFIER","log(IGC50-1) {measured}","UNIT {log(IGC50-1)}","log(IGC50-1) {measured, converted}","UNIT {log(IGC50-1)}","COMMENTS"
"C1=CC=CC=C1","R33885","M663937","-","1","itetko","published","-0.12","-log(mmol/L)","-0.12","-log(mmol/L)","-"
"CC1=CC=C(C)C=C1","R33886","M11317","-","2","itetko","published","0.25","-log(mmol/L)","0.25","-log(mmol/L)","-"
"[H]C1=C([H])C([H])=C(C([H])=C1[H])C([H])([H])[H]","R33887","M13899","-","3","itetko","published","0.25","-log(mmol/L)","0.25","-log(mmol/L)","-"
"CCCCC1=CC=CC=C1","R33888","M7803","-","4","itetko","published","1.25","-log(mmol/L)","1.25","-log(mmol/L)","-"
"CCCCCC1=CC=CC=C1","R33889","M8863","-","5","itetko","published","1.79","-log(mmol/L)","1.79","-log(mmol/L)","-"
"NCC1=CC=CC=C1","R33890","M12270","-","6","itetko","published","-0.24","-log(mmol/L)","-0.24","-log(mmol/L)","-"
"CC(C)C1=CC=CC=C1","R33891","M10091","-","7","itetko","published","0.69","-log(mmol/L)","0.69","-log(mmol/L)",""
"OCCCCCC1=CC=CC=C1","R33892","M2182","-","8","itetko","published","0.42","-log(mmol/L)","0.42","-log(mmol/L)","-"
"CC(C)(O)CCC1=CC=CC=C1","R33893","M13910","-","9","itetko","published","-0.07","-log(mmol/L)","-0.07","-log(mmol/L)","-"
"OCCCC1=CC=CC=C1","R33894","M11515","-","10","itetko","published","-0.21","-log(mmol/L)","-0.21","-log(mmol/L)","-"
"OCC1=CC=CC=C1","R33895","M12630","-","11","itetko","published","-0.83","-log(mmol/L)","-0.83","-log(mmol/L)","-"
"CC(O)C1=CC=CC=C1","R33896","M12113","-","12","itetko","published","-0.66","-log(mmol/L)","-0.66","-log(mmol/L)","-"
"CCC1=CC=C(CO)C=C1","R33897","M13784","-","13","itetko","published","0.07","-log(mmol/L)","0.07","-log(mmol/L)","-"
"CCCC(O)C1=CC=CC=C1","R33898","M4011","-","14","itetko","published","-0.01","-log(mmol/L)","-0.01","-log(mmol/L)","-"
"OCC1=CC=C(C=C1)C1=CC=CC=C1","R33899","M551","-","15","itetko","published","0.92","-log(mmol/L)","0.92","-log(mmol/L)","-"
"CCC1=CC=C(C=C1)C1=CC=CC=C1","R33900","M10600","-","16","itetko","published","1.97","-log(mmol/L)","1.97","-log(mmol/L)","-"
"C1=CC=C(C=C1)C1=CC=CC=C1","R33901","M14415","-","17","itetko","published","1.05","-log(mmol/L)","1.05","-log(mmol/L)","-"
"CC(O)(CC1=CC=CC=C1)C1=CC=CC=C1","R33902","M9376","-","18","itetko","published","0.8","-log(mmol/L)","0.8","-log(mmol/L)","-"
"CC(O)C(C1=CC=CC=C1)C1=CC=CC=C1","R33903","M698","-","19","itetko","published","0.75","-log(mmol/L)","0.75","-log(mmol/L)","-"
"CC1=C(C)C=C(N)C=C1","R33904","M2142","-","20","itetko","published","-0.16","-log(mmol/L)","-0.16","-log(mmol/L)",""
"NC1=CC(CO)=CC=C1","R33905","M8008","-","21","itetko","published","-1.13","-log(mmol/L)","-1.13","-log(mmol/L)","-"
"CCCCOC1=CC=C(N)C=C1","R33906","M10939","-","22","itetko","published","0.61","-log(mmol/L)","0.61","-log(mmol/L)","-"
"CC1=CC=C(N)C=C1","R33907","M10196","-","23","itetko","published","-0.05","-log(mmol/L)","-0.05","-log(mmol/L)","-"
"CCC1=CC(N)=CC=C1","R33908","M284","-","24","itetko","published","-0.03","-log(mmol/L)","-0.03","-log(mmol/L)","-"
"CCC1=CC=C(N)C=C1","R33909","M4030","-","25","itetko","published","0.03","-log(mmol/L)","0.03","-log(mmol/L)","-"
"CC1=CC(N)=CC=C1","R33910","M5064","-","26","itetko","published","-0.28","-log(mmol/L)","-0.28","-log(mmol/L)","-"
"CC(C)C1=CC=CC(C(C)C)=C1N","R33911","M12362","-","27","itetko","published","0.76","-log(mmol/L)","0.76","-log(mmol/L)","-"
"CCC1=CC=CC=C1N","R33912","M6855","-","28","itetko","published","-0.22","-log(mmol/L)","-0.22","-log(mmol/L)","-"
"CCC1=CC=CC(CC)=C1N","R33913","M2794","-","29","itetko","published","0.31","-log(mmol/L)","0.31","-log(mmol/L)","-"
"COC1=CC=C(O)C=C1","R33914","M7663","-","30","itetko","published","-0.14","-log(mmol/L)","-0.14","-log(mmol/L)","-"
"CC1=CC(O)=CC(C)=C1C","R33915","M2520","-","31","itetko","published","0.93","-log(mmol/L)","0.93","-log(mmol/L)","-"
"ClCC1=CC=CC=C1","R33916","M5469","-","32","itetko","published","0.06","-log(mmol/L)","0.06","-log(mmol/L)","-"
"COC1=CC=C(C)C=C1","R33917","M1349","-","33","itetko","published","0.25","-log(mmol/L)","0.25","-log(mmol/L)","-"
"CC(C)(C)C1=CC=C(O)C=C1","R33918","M9142","-","34","itetko","published","0.91","-log(mmol/L)","0.91","-log(mmol/L)","-"
"COC1=CC=CC=C1","R33919","M9637","-","35","itetko","published","-0.1","-log(mmol/L)","-0.1","-log(mmol/L)","-"
"CCC1=CC=C(O)C=C1","R33920","M4171","-","36","itetko","published","0.21","-log(mmol/L)","0.21","-log(mmol/L)","-"
"CCC1=CC(O)=CC=C1","R33921","M3927","-","37","itetko","published","0.29","-log(mmol/L)","0.29","-log(mmol/L)","-"
"CC1=CC=CC=C1O","R33922","M9499","-","38","itetko","published","-0.29","-log(mmol/L)","-0.29","-log(mmol/L)","-"
"CCC1=CC=CC=C1O","R33923","M4765","-","39","itetko","published","0.16","-log(mmol/L)","0.16","-log(mmol/L)","-"
"OC1=CC=CC=C1","R33924","M4660","-","40","itetko","published","-0.35","-log(mmol/L)","-0.35","-log(mmol/L)","-"
"OC1=CC=CC=C1CC=C","R33925","M9170","-","41","itetko","published","0.33","-log(mmol/L)","0.33","-log(mmol/L)","-"
"IC1=CC=CC=C1","R33926","M10499","-","42","itetko","published","0.36","-log(mmol/L)","0.36","-log(mmol/L)","-"
"NC1=CC=C(Cl)C=C1","R33927","M9410","-","43","itetko","published","0.05","-log(mmol/L)","0.05","-log(mmol/L)","-"
"OCCC1=CC=C(O)C=C1","R33928","M13420","-","44","itetko","published","-0.83","-log(mmol/L)","-0.83","-log(mmol/L)","-"
"CC1=CC(Cl)=C(N)C=C1","R33929","M12928","-","45","itetko","published","0.18","-log(mmol/L)","0.18","-log(mmol/L)","-"
"CCCCCC1=CC(O)=CC(O)=C1","R33930","M4622","-","46","itetko","published","1.31","-log(mmol/L)","1.31","-log(mmol/L)","-"
"COC1=CC=CC(O)=C1","R33931","M436","-","47","itetko","published","-0.33","-log(mmol/L)","-0.33","-log(mmol/L)","-"
"CCCCCCC1=C(O)C=C(O)C=C1","R33932","M12241","-","48","itetko","published","1.8","-log(mmol/L)","1.8","-log(mmol/L)","-"
"CC1=CC=C(Br)C=C1","R33933","M13995","-","49","itetko","published","0.47","-log(mmol/L)","0.47","-log(mmol/L)","-"
"COC1=CC=C(Cl)C=C1","R33934","M13747","-","50","itetko","published","0.6","-log(mmol/L)","0.6","-log(mmol/L)","-"
"OC1=CC(O)=CC=C1","R33935","M3218","-","51","itetko","published","-0.65","-log(mmol/L)","-0.65","-log(mmol/L)","-"
"BrC1=CC=CC=C1","R33936","M8977","-","52","itetko","published","0.08","-log(mmol/L)","0.08","-log(mmol/L)","-"
"OC1=CC=C(I)C=C1","R33937","M11943","-","53","itetko","published","0.85","-log(mmol/L)","0.85","-log(mmol/L)","-"
"NCCC1=CC=C(Cl)C=C1","R33938","M10608","-","54","itetko","published","0.14","-log(mmol/L)","0.14","-log(mmol/L)","-"
"NCC1=CC=C(Cl)C=C1","R33939","M13647","-","55","itetko","published","0.16","-log(mmol/L)","0.16","-log(mmol/L)","-"
"NC1=C(Cl)C=C(Cl)C=C1","R33940","M5772","-","56","itetko","published","0.56","-log(mmol/L)","0.56","-log(mmol/L)","-"
"NC1=CC(Cl)=CC=C1","R33941","M8696","-","57","itetko","published","0.22","-log(mmol/L)","0.22","-log(mmol/L)","-"
"CCCCCOC1=CC=C(C=O)C=C1","R33942","M13382","-","58","itetko","published","1.18","-log(mmol/L)","1.18","-log(mmol/L)","-"
"CC1=CC=C(C=C1)[N+]([O-])=O","R33943","M14295","-","59","itetko","published","0.65","-log(mmol/L)","0.65","-log(mmol/L)","-"
"CC(C)C1=CC=C(C=O)C=C1","R33944","M12604","-","60","itetko","published","0.67","-log(mmol/L)","0.67","-log(mmol/L)","-"
"CC1=C(C)C(=CC=C1)[N+]([O-])=O","R33945","M2949","-","61","itetko","published","0.56","-log(mmol/L)","0.56","-log(mmol/L)","-"
"OC1=CC(Cl)=CC=C1","R33946","M3973","-","62","itetko","published","0.87","-log(mmol/L)","0.87","-log(mmol/L)","-"
"CC1=CC(=CC=C1)[N+]([O-])=O","R33947","M9562","-","63","itetko","published","0.42","-log(mmol/L)","0.42","-log(mmol/L)","-"
"CC1=CC=CC=C1[N+]([O-])=O","R33948","M8648","-","64","itetko","published","0.26","-log(mmol/L)","0.26","-log(mmol/L)","-"
"BrC1=CC=C(Br)C=C1","R33949","M10710","-","65","itetko","published","0.68","-log(mmol/L)","0.68","-log(mmol/L)","-"
"O=CC1=CC=CC=C1","R33950","M4098","-","66","itetko","published","-0.2","-log(mmol/L)","-0.2","-log(mmol/L)","-"
"COC1=C(O)C=CC(C=O)=C1","R33951","M7075","-","67","itetko","published","-0.03","-log(mmol/L)","-0.03","-log(mmol/L)","-"
"OC1=C(Cl)C=C(Cl)C=C1","R33952","M3786","-","68","itetko","published","1.04","-log(mmol/L)","1.04","-log(mmol/L)","-"
"CCCCC(=O)C1=CC=CC=C1","R33953","M12996","-","69","itetko","published","0.56","-log(mmol/L)","0.56","-log(mmol/L)","-"
"CCCC(=O)C1=CC=CC=C1","R33954","M2566","-","70","itetko","published","0.21","-log(mmol/L)","0.21","-log(mmol/L)","-"
"CCCCCCC(=O)C1=CC=CC=C1","R33955","M11454","-","71","itetko","published","1.56","-log(mmol/L)","1.56","-log(mmol/L)","-"
"CC(=O)C1=CC=CC=C1","R33956","M5938","-","72","itetko","published","-0.46","-log(mmol/L)","-0.46","-log(mmol/L)","-"
"[O-][N+](=O)C1=CC=CC=C1","R33957","M6397","-","73","itetko","published","0.14","-log(mmol/L)","0.14","-log(mmol/L)","-"
"CCCCCCCC(=O)C1=CC=CC=C1","R33958","M10968","-","74","itetko","published","1.89","-log(mmol/L)","1.89","-log(mmol/L)","-"
"NC1=CC(=CC=C1)[N+]([O-])=O","R33959","M12971","-","75","itetko","published","0.03","-log(mmol/L)","0.03","-log(mmol/L)","-"
"NC1=CC(Cl)=CC(Cl)=C1","R33960","M11294","-","76","itetko","published","0.71","-log(mmol/L)","0.71","-log(mmol/L)","-"
"CC1=CC(Br)=CC(Cl)=C1O","R33961","M4313","-","77","itetko","published","1.28","-log(mmol/L)","1.28","-log(mmol/L)","-"
"O=C(C1=CC=CC=C1)C1=CC=CC=C1","R33962","M10090","-","78","itetko","published","0.87","-log(mmol/L)","0.87","-log(mmol/L)","-"
"[O-][N+](=O)C1=CC=C(CCl)C=C1","R33963","M5552","-","79","itetko","published","1.18","-log(mmol/L)","1.18","-log(mmol/L)","-"
"COC1=CC(O)=C(C=C1)C(C)=O","R33964","M11101","-","80","itetko","published","0.55","-log(mmol/L)","0.55","-log(mmol/L)","-"
"OC1=CC(Cl)=CC(Cl)=C1","R33965","M11881","-","81","itetko","published","1.56","-log(mmol/L)","1.56","-log(mmol/L)","-"
"ClC1=CC=C(C=O)C=C1","R33966","M521","-","82","itetko","published","0.4","-log(mmol/L)","0.4","-log(mmol/L)","-"
"ClC1=CC(Cl)=CC(Cl)=C1","R33967","M12993","-","83","itetko","published","0.87","-log(mmol/L)","0.87","-log(mmol/L)","-"
"NC1=CC(Cl)=C(Cl)C=C1Cl","R33968","M3513","-","84","itetko","published","1.3","-log(mmol/L)","1.3","-log(mmol/L)","-"
"BrC1=CC=C(C=C1)C(=O)C1=CC=CC=C1","R33969","M5515","-","85","itetko","published","1.26","-log(mmol/L)","1.26","-log(mmol/L)","-"
"OC1=C(Cl)C=C(Cl)C=C1Cl","R33970","M6189","-","86","itetko","published","1.41","-log(mmol/L)","1.41","-log(mmol/L)","-"
"COC1=C(O)C(Br)=CC(C=O)=C1","R33971","M5669","-","87","itetko","published","0.62","-log(mmol/L)","0.62","-log(mmol/L)","-"
"CCOC1=CC=C(C=C1)[N+]([O-])=O","R33972","M7655","-","88","itetko","published","0.83","-log(mmol/L)","0.83","-log(mmol/L)","-"
"CC1=C(C=C(Cl)C=C1)[N+]([O-])=O","R33973","M10572","-","89","itetko","published","0.82","-log(mmol/L)","0.82","-log(mmol/L)","-"
"OC1=C(Cl)C=C(Br)C=C1Cl","R33974","M5564","-","90","itetko","published","1.78","-log(mmol/L)","1.78","-log(mmol/L)","-"
"CC1=C(C=CC=C1Cl)[N+]([O-])=O","R33975","M12821","-","91","itetko","published","0.68","-log(mmol/L)","0.68","-log(mmol/L)","-"
"NC1=C(Cl)C(Cl)=CC(Cl)=C1Cl","R33976","M13801","-","92","itetko","published","1.76","-log(mmol/L)","1.76","-log(mmol/L)","-"
"[O-][N+](=O)C1=CC=CC(=C1)C#N","R33977","M10064","-","93","itetko","published","0.45","-log(mmol/L)","0.45","-log(mmol/L)","-"
"OC1=CC(Cl)=C(Cl)C=C1Cl","R33978","M6163","-","94","itetko","published","2.1","-log(mmol/L)","2.1","-log(mmol/L)","-"
"ClC1=CC(Cl)=C(Cl)C=C1Cl","R33979","M5003","-","95","itetko","published","2.0","-log(mmol/L)","2.0","-log(mmol/L)","-"
"[O-][N+](=O)C1=CC(Cl)=CC=C1","R33980","M5679","-","96","itetko","published","0.73","-log(mmol/L)","0.73","-log(mmol/L)","-"
"NC1=CC(Cl)=C(Cl)C(Cl)=C1Cl","R33981","M3067","-","97","itetko","published","1.96","-log(mmol/L)","1.96","-log(mmol/L)","-"
"OC1=C(Br)C=C(Br)C=C1Br","R33982","M1024","-","98","itetko","published","1.91","-log(mmol/L)","1.91","-log(mmol/L)","-"
"CC1=C(Br)C=CC(=C1)[N+]([O-])=O","R33983","M3841","-","99","itetko","published","1.16","-log(mmol/L)","1.16","-log(mmol/L)","-"
"OC1=CC(C=O)=C(C=C1)[N+]([O-])=O","R33984","M13043","-","100","itetko","published","0.33","-log(mmol/L)","0.33","-log(mmol/L)","-"
"CC1=C(O)C(Br)=C(Br)C(Br)=C1Br","R33985","M3182","-","101","itetko","published","2.57","-log(mmol/L)","2.57","-log(mmol/L)","-"
"OC1=C(Cl)C(Cl)=C(Cl)C=C1Cl","R33986","M11663","-","102","itetko","published","2.18","-log(mmol/L)","2.18","-log(mmol/L)","-"
"NC1=C(F)C(F)=C(F)C(F)=C1F","R33987","M7482","-","103","itetko","published","0.26","-log(mmol/L)","0.26","-log(mmol/L)","-"
"OC1=C(Br)C=C(Br)C=C1C=O","R33988","M5027","-","104","itetko","published","1.65","-log(mmol/L)","1.65","-log(mmol/L)","-"
"[O-][N+](=O)C1=CC(Cl)=CC(Cl)=C1","R33989","M9883","-","105","itetko","published","1.13","-log(mmol/L)","1.13","-log(mmol/L)","-"
"OC1=CC(=C(Cl)C=C1)[N+]([O-])=O","R33990","M5275","-","106","itetko","published","1.27","-log(mmol/L)","1.27","-log(mmol/L)","-"
"OC1=CC(Cl)=C(Cl)C(Cl)=C1Cl","R33991","M10057","-","107","itetko","published","2.72","-log(mmol/L)","2.72","-log(mmol/L)","-"
"NC(=S)C1=CC=CC=C1","R33992","M9162","-","108","itetko","published","0.09","-log(mmol/L)","0.09","-log(mmol/L)","-"
"NC1=CC(=C(F)C=C1)C(F)(F)F","R33993","M8539","-","109","itetko","published","0.77","-log(mmol/L)","0.77","-log(mmol/L)","-"
"[O-][N+](=O)C1=CC=CC=C1Cl","R33994","M719","-","110","itetko","published","0.68","-log(mmol/L)","0.68","-log(mmol/L)","-"
"[O-][N+](=O)C1=CC(=CC=C1)[N+]([O-])=O","R33995","M12162","-","111","itetko","published","0.76","-log(mmol/L)","0.76","-log(mmol/L)","-"
"CC1=C(C=C(C=C1)[N+]([O-])=O)[N+]([O-])=O","R33996","M9847","-","112","itetko","published","0.87","-log(mmol/L)","0.87","-log(mmol/L)","-"
"NC1=CC(Cl)=C(Cl)C=C1[N+]([O-])=O","R33997","M2885","-","113","itetko","published","1.66","-log(mmol/L)","1.66","-log(mmol/L)","-"
"OC1=C(F)C(F)=C(F)C(F)=C1F","R33998","M12792","-","114","itetko","published","1.63","-log(mmol/L)","1.63","-log(mmol/L)","-"
"[O-][N+](=O)C1=CC(Cl)=C(F)C=C1","R33999","M2163","-","115","itetko","published","0.8","-log(mmol/L)","0.8","-log(mmol/L)","-"
"[O-][N+](=O)C1=CC(Cl)=C(Cl)C=C1","R34000","M7578","-","116","itetko","published","1.16","-log(mmol/L)","1.16","-log(mmol/L)","-"
"[O-][N+](=O)C1=C(Cl)C=CC(Cl)=C1","R34001","M10175","-","117","itetko","published","1.13","-log(mmol/L)","1.13","-log(mmol/L)","-"
"[O-][N+](=O)C1=C(Cl)C=C(Cl)C=C1","R34002","M9442","-","118","itetko","published","0.99","-log(mmol/L)","0.99","-log(mmol/L)","-"
"S=C=NC1=CC=CC=C1","R34003","M9209","-","119","itetko","published","1.41","-log(mmol/L)","1.41","-log(mmol/L)","-"
"OC1=CC(=C(C=C1)[N+]([O-])=O)C(F)(F)F","R34004","M14055","-","120","itetko","published","1.65","-log(mmol/L)","1.65","-log(mmol/L)","-"
"OC1=C(I)C=C(C=C1I)[N+]([O-])=O","R34005","M11396","-","121","itetko","published","1.81","-log(mmol/L)","1.81","-log(mmol/L)","-"
"OC1=C(Cl)C=C(Cl)C=C1[N+]([O-])=O","R34006","M6566","-","122","itetko","published","1.75","-log(mmol/L)","1.75","-log(mmol/L)","-"
"[O-][N+](=O)C1=C(Cl)C(Cl)=C(Cl)C=C1","R34007","M743","-","123","itetko","published","1.51","-log(mmol/L)","1.51","-log(mmol/L)","-"
"FC1=C(F)C(F)=C(C=O)C(F)=C1F","R34008","M9204","-","124","itetko","published","0.82","-log(mmol/L)","0.82","-log(mmol/L)","-"
"[O-][N+](=O)C1=CC(=C(I)C=C1)[N+]([O-])=O","R34009","M2993","-","125","itetko","published","2.12","-log(mmol/L)","2.12","-log(mmol/L)","-"
"NC1=C(C=C(C=C1)[N+]([O-])=O)[N+]([O-])=O","R34010","M6549","-","126","itetko","published","0.72","-log(mmol/L)","0.72","-log(mmol/L)","-"
"[O-][N+](=O)C1=C(F)C(F)=C(F)C=C1","R34011","M404","-","127","itetko","published","1.89","-log(mmol/L)","1.89","-log(mmol/L)","-"
"[O-][N+](=O)C1=CC(Cl)=C(Cl)C=C1[N+]([O-])=O","R34012","M4394","-","128","itetko","published","2.21","-log(mmol/L)","2.21","-log(mmol/L)","-"
"CC1=CC(=CC(=C1O)[N+]([O-])=O)[N+]([O-])=O","R34013","M14504","-","129","itetko","published","1.73","-log(mmol/L)","1.73","-log(mmol/L)","-"
"CC(C)(C)C1=CC(=C(O)C(=C1)[N+]([O-])=O)[N+]([O-])=O","R34014","M7359","-","130","itetko","published","1.8","-log(mmol/L)","1.8","-log(mmol/L)","-"
"[O-][N+](=O)C1=CC(=C(Br)C=C1)[N+]([O-])=O","R34015","M8430","-","131","itetko","published","2.31","-log(mmol/L)","2.31","-log(mmol/L)","-"
"OC1=C(C=C(C=C1)[N+]([O-])=O)[N+]([O-])=O","R34016","M11008","-","132","itetko","published","1.06","-log(mmol/L)","1.06","-log(mmol/L)","-"
"[O-][N+](=O)C1=CC(Cl)=CC(Cl)=C1[N+]([O-])=O","R34017","M7776","-","133","itetko","published","2.42","-log(mmol/L)","2.42","-log(mmol/L)","-"
"[O-][N+](=O)C1=C(F)C(F)=C(F)C=C1F","R34018","M2513","-","134","itetko","published","1.87","-log(mmol/L)","1.87","-log(mmol/L)","-"
"OC1=C(C=CC=C1[N+]([O-])=O)[N+]([O-])=O","R34019","M4920","-","135","itetko","published","0.83","-log(mmol/L)","0.83","-log(mmol/L)","-"
"[O-][N+](=O)C1=CC(=C(Cl)C=C1)[N+]([O-])=O","R34020","M12088","-","136","itetko","published","2.16","-log(mmol/L)","2.16","-log(mmol/L)","-"
"[O-][N+](=O)C1=CC(=C(F)C=C1)[N+]([O-])=O","R34021","M6333","-","137","itetko","published","1.71","-log(mmol/L)","1.71","-log(mmol/L)","-"
"[O-][N+](=O)C1=C(F)C(F)=C(F)C(F)=C1F","R34022","M4532","-","138","itetko","published","2.43","-log(mmol/L)","2.43","-log(mmol/L)","-"
"[O-][N+](=O)C1=C(Cl)C(Cl)=C(C(Cl)=C1Cl)[N+]([O-])=O","R34023","M791","-","139","itetko","published","2.82","-log(mmol/L)","2.82","-log(mmol/L)","-"
"[O-][N+](=O)C1=CC(=C(F)C=C1F)[N+]([O-])=O","R34024","M11722","-","140","itetko","published","2.08","-log(mmol/L)","2.08","-log(mmol/L)","-"
"[O-][N+](=O)C1=CC(Cl)=C(Cl)C(=C1Cl)[N+]([O-])=O","R34025","M7877","-","141","itetko","published","2.6","-log(mmol/L)","2.6","-log(mmol/L)","-"
"[O-][N+](=O)C1=C(Cl)C(=C(Cl)C=C1Cl)[N+]([O-])=O","R34026","M938","-","142","itetko","published","2.19","-log(mmol/L)","2.19","-log(mmol/L)","-"
"[O-][N+](=O)C1=CC(=CC(=C1Cl)[N+]([O-])=O)C#N","R34027","M10254","-","143","itetko","published","2.66","-log(mmol/L)","2.66","-log(mmol/L)","-"
"CC1=CC=C(CO)C=C1","R34028","M5699","-","144","itetko","published","-0.49","-log(mmol/L)","-0.49","-log(mmol/L)","-"
"CCCC(O)CC1=CC=CC=C1","R34029","M2492","-","145","itetko","published","0.16","-log(mmol/L)","0.16","-log(mmol/L)","-"
"CC1=CC=C(CCN)C=C1","R34030","M11765","-","146","itetko","published","-0.04","-log(mmol/L)","-0.04","-log(mmol/L)","-"
"CC1=CC=C(CN)C=C1","R34031","M3935","-","147","itetko","published","-0.01","-log(mmol/L)","-0.01","-log(mmol/L)","-"
"OCC=CC1=CC=CC=C1","R34032","M8114","-","148","itetko","published","-0.08","-log(mmol/L)","-0.08","-log(mmol/L)","-"
"CC(C)(C)C1=CC=C(CO)C=C1","R34033","M2946","-","149","itetko","published","0.48","-log(mmol/L)","0.48","-log(mmol/L)","-"
"CC1=CC=C(CCO)C=C1","R34034","M1805","-","150","itetko","published","-0.26","-log(mmol/L)","-0.26","-log(mmol/L)","-"
"CC1=CC=CC=C1CO","R34035","M13137","-","151","itetko","published","-0.43","-log(mmol/L)","-0.43","-log(mmol/L)","-"
"CCC(O)C1=CC=CC=C1","R34036","M2391","-","152","itetko","published","-0.43","-log(mmol/L)","-0.43","-log(mmol/L)","-"
"CC(CO)C1=CC=CC=C1","R34037","M9887","-","153","itetko","published","-0.4","-log(mmol/L)","-0.4","-log(mmol/L)","-"
"CC(C)(O)C1=CC=CC=C1","R34038","M679","-","154","itetko","published","-0.57","-log(mmol/L)","-0.57","-log(mmol/L)","-"
"OC(C1=CC=CC=C1)C1=CC=CC=C1","R34039","M9158","-","155","itetko","published","0.5","-log(mmol/L)","0.5","-log(mmol/L)","-"
"ON=CC1=CC=CC=C1","R34040","M11976","-","156","itetko","published","-0.11","-log(mmol/L)","-0.11","-log(mmol/L)","-"
"CC(C)(C)C1=CC=C(N)C=C1","R34041","M12541","-","157","itetko","published","0.36","-log(mmol/L)","0.36","-log(mmol/L)","-"
"CC1=CC(C)=C(N)C=C1","R34042","M1791","-","158","itetko","published","-0.29","-log(mmol/L)","-0.29","-log(mmol/L)","-"
"CCC(C)C1=CC=C(N)C=C1","R34043","M7639","-","159","itetko","published","0.61","-log(mmol/L)","0.61","-log(mmol/L)","-"
"CC1=C(C)C(N)=CC=C1","R34044","M12003","-","160","itetko","published","-0.43","-log(mmol/L)","-0.43","-log(mmol/L)","-"
"N#CCC1=CC=CC=C1","R34045","M10676","-","161","itetko","published","-0.36","-log(mmol/L)","-0.36","-log(mmol/L)","-"
"CC(C#N)C1=CC=CC=C1","R34046","M7621","-","162","itetko","published","0.01","-log(mmol/L)","0.01","-log(mmol/L)","-"
"CCNC1=CC=CC=C1","R34047","M7977","-","163","itetko","published","0.07","-log(mmol/L)","0.07","-log(mmol/L)","-"
"CNC1=CC=CC=C1","R34048","M107","-","164","itetko","published","0.06","-log(mmol/L)","0.06","-log(mmol/L)","-"
"CC(C)(C)C1=CC(N)=C(O)C=C1","R34049","M9931","-","165","itetko","published","0.37","-log(mmol/L)","0.37","-log(mmol/L)","-"
"COC1=CC=CC=C1N","R34050","M11807","-","166","itetko","published","-0.69","-log(mmol/L)","-0.69","-log(mmol/L)","-"
"C1=CC=C(C=C1)C1=CN=CC=C1","R34051","M3861","-","167","itetko","published","0.47","-log(mmol/L)","0.47","-log(mmol/L)","-"
"NC1=CC=CC=C1CO","R34052","M12067","-","168","itetko","published","-1.07","-log(mmol/L)","-1.07","-log(mmol/L)","-"
"C(C1=CC=CC=C1)C1=CC=CC=N1","R34053","M8443","-","169","itetko","published","0.38","-log(mmol/L)","0.38","-log(mmol/L)","-"
"C(C1=CC=CC=C1)C1=CC=NC=C1","R34054","M1826","-","170","itetko","published","0.63","-log(mmol/L)","0.63","-log(mmol/L)","-"
"CC1=C(C)C=C(O)C=C1","R34055","M13431","-","171","itetko","published","0.12","-log(mmol/L)","0.12","-log(mmol/L)","-"
"CC(C)(C)C1=CC(O)=CC=C1","R34056","M1745","-","172","itetko","published","0.74","-log(mmol/L)","0.74","-log(mmol/L)","-"
"CC1=CC(C)=C(O)C(=C1)C(C)(C)C","R34057","M8143","-","173","itetko","published","1.16","-log(mmol/L)","1.16","-log(mmol/L)","-"
"CC(C)C1=CC=C(O)C=C1","R34058","M13731","-","174","itetko","published","0.47","-log(mmol/L)","0.47","-log(mmol/L)","-"
"CC(C)C1=CC(O)=CC=C1","R34059","M11780","-","175","itetko","published","0.61","-log(mmol/L)","0.61","-log(mmol/L)","-"
"CC1=C(C)C(O)=CC=C1","R34060","M9473","-","176","itetko","published","0.12","-log(mmol/L)","0.12","-log(mmol/L)","-"
"CC(C)C1=CC=CC=C1O","R34061","M1577","-","177","itetko","published","0.61","-log(mmol/L)","0.61","-log(mmol/L)","-"
"CN(C)CC1=CC(CN(C)C)=C(O)C(CN(C)C)=C1","R34062","M147","-","178","itetko","published","-0.52","-log(mmol/L)","-0.52","-log(mmol/L)","-"
"NC1=CC=CC=C1F","R34063","M2917","-","179","itetko","published","-0.37","-log(mmol/L)","-0.37","-log(mmol/L)","-"
"NC1=CC=C(CC#N)C=C1","R34064","M13438","-","180","itetko","published","-0.76","-log(mmol/L)","-0.76","-log(mmol/L)","-"
"N#CC=CC1=CC=CC=C1","R34065","M14459","-","181","itetko","published","0.16","-log(mmol/L)","0.16","-log(mmol/L)","-"
"OCC1=CC(F)=CC=C1","R34066","M9041","-","182","itetko","published","-0.39","-log(mmol/L)","-0.39","-log(mmol/L)","-"
"NC1=CC=CC(=C1)C#N","R34067","M7374","-","183","itetko","published","-0.47","-log(mmol/L)","-0.47","-log(mmol/L)","-"
"NC1=CC(F)=CC=C1","R34068","M9559","-","184","itetko","published","-0.1","-log(mmol/L)","-0.1","-log(mmol/L)","-"
"CCC1=C(Cl)C=CC(O)=C1","R34069","M2317","-","185","itetko","published","1.08","-log(mmol/L)","1.08","-log(mmol/L)","-"
"CC1=CC(O)=C(Cl)C=C1C","R34070","M8783","-","186","itetko","published","0.69","-log(mmol/L)","0.69","-log(mmol/L)","-"
"COC1=CC(OC)=CC(O)=C1","R34071","M13153","-","187","itetko","published","-0.09","-log(mmol/L)","-0.09","-log(mmol/L)","-"
"OC1=CC=C(CC#N)C=C1","R34072","M582","-","188","itetko","published","-0.38","-log(mmol/L)","-0.38","-log(mmol/L)","-"
"CC1=CC(Br)=CC(C)=C1O","R34073","M14202","-","189","itetko","published","1.16","-log(mmol/L)","1.16","-log(mmol/L)","-"
"CC1=CC(O)=C(Cl)C=C1","R34074","M10480","-","190","itetko","published","0.54","-log(mmol/L)","0.54","-log(mmol/L)","-"
"OC1=CC=C(Br)C=C1","R34075","M3624","-","191","itetko","published","0.68","-log(mmol/L)","0.68","-log(mmol/L)","-"
"OCCC1=CC=C(Cl)C=C1","R34076","M4222","-","192","itetko","published","0.32","-log(mmol/L)","0.32","-log(mmol/L)","-"
"OCC1=CC=C(Cl)C=C1","R34077","M8799","-","193","itetko","published","0.25","-log(mmol/L)","0.25","-log(mmol/L)","-"
"CC1=CC(C)=C(C(C)=C1)[N+]([O-])=O","R34078","M10253","-","194","itetko","published","0.86","-log(mmol/L)","0.86","-log(mmol/L)","-"
"OCC1=CC(Cl)=CC=C1","R34079","M14375","-","195","itetko","published","0.15","-log(mmol/L)","0.15","-log(mmol/L)","-"
"OC1=CC=CC=C1Br","R34080","M11509","-","196","itetko","published","0.33","-log(mmol/L)","0.33","-log(mmol/L)","-"
"COC1=C(O)C=CC(=C1)C#N","R34081","M9197","-","197","itetko","published","-0.03","-log(mmol/L)","-0.03","-log(mmol/L)","-"
"OCC1=CC(=CC=C1)[N+]([O-])=O","R34082","M1702","-","198","itetko","published","-0.22","-log(mmol/L)","-0.22","-log(mmol/L)","-"
"COC1=CC=C(C=C1)C#N","R34083","M12832","-","199","itetko","published","0.1","-log(mmol/L)","0.1","-log(mmol/L)","-"
"CC(=O)C1=CC(C)=C(C)C=C1O","R34084","M13911","-","200","itetko","published","0.71","-log(mmol/L)","0.71","-log(mmol/L)","-"
"COC1=CC=CC=C1C=O","R34085","M8644","-","201","itetko","published","0.15","-log(mmol/L)","0.15","-log(mmol/L)","-"
"CNC1=CC=C(C=C1)C(=O)OC","R34086","M6244","-","202","itetko","published","0.31","-log(mmol/L)","0.31","-log(mmol/L)","-"
"O=CC1=CC=C(OC2=CC=CC=C2)C=C1","R34087","M9486","-","203","itetko","published","1.26","-log(mmol/L)","1.26","-log(mmol/L)","-"
"COC1=CC(OC)=C(OC)C=C1C=O","R34088","M4246","-","204","itetko","published","-0.1","-log(mmol/L)","-0.1","-log(mmol/L)","-"
"NC1=CC=C(C=C1)C(=O)C1=CC=CC=C1","R34089","M9596","-","205","itetko","published","0.68","-log(mmol/L)","0.68","-log(mmol/L)","-"
"CCCOC(=O)C=CC1=CC=CC=C1","R34090","M8050","-","206","itetko","published","1.23","-log(mmol/L)","1.23","-log(mmol/L)","-"
"CCOC(=O)C=CC1=CC=CC=C1","R34091","M5442","-","207","itetko","published","0.99","-log(mmol/L)","0.99","-log(mmol/L)","-"
"CCCCCC(=O)C1=CC=CC=C1","R34092","M6605","-","208","itetko","published","1.19","-log(mmol/L)","1.19","-log(mmol/L)","-"
"CCCCOC(=O)C=CC1=CC=CC=C1","R34093","M7923","-","209","itetko","published","1.53","-log(mmol/L)","1.53","-log(mmol/L)","-"
"ClC1=CC=C(CC#N)C=C1","R34094","M4733","-","210","itetko","published","0.66","-log(mmol/L)","0.66","-log(mmol/L)","-"
"COC(=O)C=CC1=CC=CC=C1","R34095","M1243","-","211","itetko","published","0.58","-log(mmol/L)","0.58","-log(mmol/L)","-"
"CCOC(=O)C1=CC=C(OC)C=C1","R34096","M2614","-","212","itetko","published","0.77","-log(mmol/L)","0.77","-log(mmol/L)","-"
"NNC(=O)CC1=CC=CC=C1","R34097","M2810","-","213","itetko","published","-0.48","-log(mmol/L)","-0.48","-log(mmol/L)","-"
"OC1=C(Cl)C=CC=C1Cl","R34098","M3968","-","214","itetko","published","0.73","-log(mmol/L)","0.73","-log(mmol/L)","-"
"CC(C)CCOC(=O)C1=CC=C(O)C=C1","R34099","M5829","-","215","itetko","published","1.48","-log(mmol/L)","1.48","-log(mmol/L)","-"
"OC1=CC=C(C=C1)C(=O)CC1=CC=CC=C1","R34100","M4888","-","216","itetko","published","1.07","-log(mmol/L)","1.07","-log(mmol/L)","-"
"O=C(OCC1=CC=CC=C1)C1=CC=CC=C1","R34101","M10305","-","217","itetko","published","1.45","-log(mmol/L)","1.45","-log(mmol/L)","-"
"OC1=CC=C(C=C1)C(=O)C1=CC=CC=C1","R34102","M7490","-","218","itetko","published","1.02","-log(mmol/L)","1.02","-log(mmol/L)","-"
"CC1=C(O)C=C(C=C1)[N+]([O-])=O","R34103","M11188","-","219","itetko","published","0.66","-log(mmol/L)","0.66","-log(mmol/L)","-"
"NC(=O)C1=C(O)C=CC(Cl)=C1","R34104","M7447","-","220","itetko","published","0.59","-log(mmol/L)","0.59","-log(mmol/L)","-"
"OC1=CC=CC(=C1)[N+]([O-])=O","R34105","M10051","-","221","itetko","published","0.51","-log(mmol/L)","0.51","-log(mmol/L)","-"
"O=CC1=CC(C=O)=CC=C1","R34106","M4813","-","222","itetko","published","0.18","-log(mmol/L)","0.18","-log(mmol/L)","-"
"CC(=O)C1=C(O)C=C(O)C=C1","R34107","M10667","-","223","itetko","published","0.25","-log(mmol/L)","0.25","-log(mmol/L)","-"
"ClC1=CC=CC(=C1)C(=O)C1=CC=CC=C1","R34108","M1548","-","224","itetko","published","1.55","-log(mmol/L)","1.55","-log(mmol/L)","-"
"O=C(OC1=CC=CC=C1)C1=CC=CC=C1","R34109","M2485","-","225","itetko","published","1.35","-log(mmol/L)","1.35","-log(mmol/L)","-"
"N#CC(=CC1=CC=CC=C1)C#N","R34110","M12121","-","226","itetko","published","0.64","-log(mmol/L)","0.64","-log(mmol/L)","-"
"[O-][N+](=O)C1=CC=C(OC2=CC=CC=C2)C=C1","R34111","M4939","-","227","itetko","published","1.58","-log(mmol/L)","1.58","-log(mmol/L)","-"
"CCOC(=O)C(C#N)C1=CC=CC=C1","R34112","M10722","-","228","itetko","published","-0.02","-log(mmol/L)","-0.02","-log(mmol/L)","-"
"COC1=CC=CC=C1[N+]([O-])=O","R34113","M1302","-","229","itetko","published","-0.07","-log(mmol/L)","-0.07","-log(mmol/L)","-"
"CC1=C(C(O)=CC=C1)[N+]([O-])=O","R34114","M9161","-","230","itetko","published","0.61","-log(mmol/L)","0.61","-log(mmol/L)","-"
"NC(=O)C1=CC=CC=C1[N+]([O-])=O","R34115","M5654","-","231","itetko","published","-0.72","-log(mmol/L)","-0.72","-log(mmol/L)","-"
"[O-][N+](=O)C1=CC=CC=C1C=O","R34116","M1491","-","232","itetko","published","0.17","-log(mmol/L)","0.17","-log(mmol/L)","-"
"CC1=CC(=C(O)C=C1)[N+]([O-])=O","R34117","M10737","-","233","itetko","published","0.57","-log(mmol/L)","0.57","-log(mmol/L)","-"
"OC1=CC(O)=C(C=C1)C(=O)C1=C(O)C=C(O)C=C1","R34118","M12687","-","234","itetko","published","0.96","-log(mmol/L)","0.96","-log(mmol/L)","-"
"[O-][N+](=O)C1=CC=C(C=O)C=C1","R34119","M1130","-","235","itetko","published","0.2","-log(mmol/L)","0.2","-log(mmol/L)","-"
"CC1=CC(O)=C(C=C1)[N+]([O-])=O","R34120","M7534","-","236","itetko","published","0.59","-log(mmol/L)","0.59","-log(mmol/L)","-"
"OC1=C(Cl)C=C(Cl)C=C1C=O","R34121","M2428","-","237","itetko","published","1.55","-log(mmol/L)","1.55","-log(mmol/L)","-"
"[O-][N+](=O)C1=C(SCC2=CC=CC=C2)N=CC=C1","R34122","M1580","-","238","itetko","published","1.72","-log(mmol/L)","1.72","-log(mmol/L)","-"
"CCOC(=O)C1=CC=C(C=C1)[N+]([O-])=O","R34123","M8576","-","239","itetko","published","0.71","-log(mmol/L)","0.71","-log(mmol/L)","-"
"ClC1=CC(Cl)=C(C=O)C=C1","R34124","M13779","-","240","itetko","published","1.04","-log(mmol/L)","1.04","-log(mmol/L)","-"
"OC1=CC=C(C=C1)C(F)(F)F","R34125","M640","-","241","itetko","published","0.62","-log(mmol/L)","0.62","-log(mmol/L)","-"
"CC(=S)NC1=CC=CC=C1","R34126","M7067","-","242","itetko","published","-0.01","-log(mmol/L)","-0.01","-log(mmol/L)","-"
"OCC1=C(F)C(F)=C(F)C(F)=C1F","R34127","M8541","-","243","itetko","published","-0.2","-log(mmol/L)","-0.2","-log(mmol/L)","-"
"NC1=C(C=C(F)C=C1)C(F)(F)F","R34128","M6407","-","244","itetko","published","-0.02","-log(mmol/L)","-0.02","-log(mmol/L)","-"
"[O-][N+](=O)C1=C(Br)C=CC(Br)=C1","R34129","M12546","-","245","itetko","published","1.37","-log(mmol/L)","1.37","-log(mmol/L)","-"
"O=C(C#N)C1=CC=CC=C1","R34130","M3267","-","246","itetko","published","0.31","-log(mmol/L)","0.31","-log(mmol/L)","-"
"[O-][N+](=O)C1=C(F)C=CC(F)=C1","R34131","M13079","-","247","itetko","published","0.33","-log(mmol/L)","0.33","-log(mmol/L)","-"
"NC1=C(Br)C=C(Br)C=C1[N+]([O-])=O","R34132","M7780","-","248","itetko","published","1.62","-log(mmol/L)","1.62","-log(mmol/L)","-"
"OC1=C(C=C(C=O)C=C1)[N+]([O-])=O","R34133","M13802","-","249","itetko","published","0.61","-log(mmol/L)","0.61","-log(mmol/L)","-"
"O=C(N=C=S)C1=CC=CC=C1","R34134","M1542","-","250","itetko","published","0.1","-log(mmol/L)","0.1","-log(mmol/L)","-"
"CO","R34135","M8028","-","251","itetko","published","-2.6656","-log(mmol/L)","-2.6656","-log(mmol/L)",""
"CCO","R34136","M663936","-","252","itetko","published","-1.9912","-log(mmol/L)","-1.9912","-log(mmol/L)","-"
"CCC(C)O","R34137","M1029","-","253","itetko","published","-1.542","-log(mmol/L)","-1.542","-log(mmol/L)","-"
"CCCCCO","R34138","M288","-","254","itetko","published","-1.0304","-log(mmol/L)","-1.0304","-log(mmol/L)","-"
"CCCC(C)O","R34139","M5385","-","255","itetko","published","-1.1596","-log(mmol/L)","-1.1596","-log(mmol/L)","-"
"CCC(O)CC","R34140","M386","-","256","itetko","published","-1.2437","-log(mmol/L)","-1.2437","-log(mmol/L)","-"
"CC(C)C(C)O","R34141","M7096","-","257","itetko","published","-0.9959","-log(mmol/L)","-0.9959","-log(mmol/L)","-"
"CCC(C)CO","R34142","M9335","-","258","itetko","published","-0.9528","-log(mmol/L)","-0.9528","-log(mmol/L)","-"
"CC(C)(C)CO","R34143","M5766","-","259","itetko","published","-0.8702","-log(mmol/L)","-0.8702","-log(mmol/L)","-"
"CCCCOCCO","R34144","M8709","-","260","itetko","published","-1.3743","-log(mmol/L)","-1.3743","-log(mmol/L)","-"
"CCCCCCO","R34145","M14362","-","261","itetko","published","-0.3789","-log(mmol/L)","-0.3789","-log(mmol/L)","-"
"CC(C)(C)CCO","R34146","M2308","-","262","itetko","published","-0.7368","-log(mmol/L)","-0.7368","-log(mmol/L)","-"
"CC(C)C(O)C(C)C","R34147","M639","-","263","itetko","published","-0.7052","-log(mmol/L)","-0.7052","-log(mmol/L)","-"
"CCCCCCCCO","R34148","M5447","-","264","itetko","published","0.5827","-log(mmol/L)","0.5827","-log(mmol/L)","-"
"CCCCCCC(C)O","R34149","M10416","-","265","itetko","published","0.0011","-log(mmol/L)","0.0011","-log(mmol/L)","-"
"CCCCCC(O)CC","R34150","M7432","-","266","itetko","published","0.0309","-log(mmol/L)","0.0309","-log(mmol/L)","-"
"CCCCC(CC)CO","R34151","M13561","-","267","itetko","published","0.1673","-log(mmol/L)","0.1673","-log(mmol/L)","-"
"CCCCCCCCCO","R34152","M14468","-","268","itetko","published","0.8351","-log(mmol/L)","0.8351","-log(mmol/L)","-"
"CCCCCCCC(C)O","R34153","M7288","-","269","itetko","published","0.6183","-log(mmol/L)","0.6183","-log(mmol/L)","-"
"CCC(O)(CC)C(C)(C)C","R34154","M1317","-","270","itetko","published","-0.1691","-log(mmol/L)","-0.1691","-log(mmol/L)","-"
"CCCCCCCCCCCO","R34155","M5617","-","271","itetko","published","1.9547","-log(mmol/L)","1.9547","-log(mmol/L)","-"
"CCCCCCCCCCCCO","R34156","M6406","-","272","itetko","published","2.1612","-log(mmol/L)","2.1612","-log(mmol/L)","-"
"OC1CCCCC1","R34157","M3997","-","273","itetko","published","-0.7659","-log(mmol/L)","-0.7659","-log(mmol/L)","-"
"CCCC(O)CO","R34158","M12158","-","274","itetko","published","-1.6269","-log(mmol/L)","-1.6269","-log(mmol/L)","-"
"OCCCCCO","R34159","M265","-","275","itetko","published","-1.9344","-log(mmol/L)","-1.9344","-log(mmol/L)","-"
"CC(O)CC(C)(C)O","R34160","M10700","-","276","itetko","published","-1.9531","-log(mmol/L)","-1.9531","-log(mmol/L)","-"
"CCCCC(O)CO","R34161","M2603","-","277","itetko","published","-1.2669","-log(mmol/L)","-1.2669","-log(mmol/L)","-"
"OCCCCCCO","R34162","M13306","-","278","itetko","published","-1.4946","-log(mmol/L)","-1.4946","-log(mmol/L)","-"
"CC(O)CCC(C)O","R34163","M7929","-","279","itetko","published","-1.9598","-log(mmol/L)","-1.9598","-log(mmol/L)","-"
"CCCCCCCCC(O)CO","R34164","M13792","-","280","itetko","published","0.764","-log(mmol/L)","0.764","-log(mmol/L)","-"
"OCCCCCCCCCCO","R34165","M2791","-","281","itetko","published","0.224","-log(mmol/L)","0.224","-log(mmol/L)","-"
"OCCC=C","R34166","M14372","-","282","itetko","published","-1.6952","-log(mmol/L)","-1.6952","-log(mmol/L)","-"
"CC(=C)CCO","R34167","M1546","-","283","itetko","published","-1.1848","-log(mmol/L)","-1.1848","-log(mmol/L)","-"
"CC(C)(O)C=C","R34168","M3952","-","284","itetko","published","-1.3889","-log(mmol/L)","-1.3889","-log(mmol/L)","-"
"OCCCC=C","R34169","M6384","-","285","itetko","published","-1.2151","-log(mmol/L)","-1.2151","-log(mmol/L)","-"
"CC(O)CC=C","R34170","M14128","-","286","itetko","published","-1.5172","-log(mmol/L)","-1.5172","-log(mmol/L)","-"
"OCCCC#C","R34171","M1594","-","287","itetko","published","-1.4204","-log(mmol/L)","-1.4204","-log(mmol/L)","-"
"CC(C)(O)C#C","R34172","M1280","-","288","itetko","published","-1.3114","-log(mmol/L)","-1.3114","-log(mmol/L)","-"
"CCC=CCCO","R34173","M11023","-","289","itetko","published","-0.7772","-log(mmol/L)","-0.7772","-log(mmol/L)","-"
"OCCCCC#C","R34174","M3395","-","290","itetko","published","-1.2948","-log(mmol/L)","-1.2948","-log(mmol/L)","-"
"CCC(C)(O)C#C","R34175","M9516","-","291","itetko","published","-1.3226","-log(mmol/L)","-1.3226","-log(mmol/L)","-"
"CCCC(C)(O)C#CC","R34176","M14108","-","292","itetko","published","-0.4315","-log(mmol/L)","-0.4315","-log(mmol/L)","-"
"CC=CCCCO","R34177","M11961","-","293","itetko","published","-0.754","-log(mmol/L)","-0.754","-log(mmol/L)","-"
"OCCCCC=C","R34178","M11120","-","294","itetko","published","-0.8411","-log(mmol/L)","-0.8411","-log(mmol/L)","-"
"CCC#CCCO","R34179","M7820","-","295","itetko","published","-1.0243","-log(mmol/L)","-1.0243","-log(mmol/L)","-"
"CCCC#CCCO","R34180","M8791","-","296","itetko","published","-0.3231","-log(mmol/L)","-0.3231","-log(mmol/L)","-"
"CCCC#CCC(O)CC","R34181","M11429","-","297","itetko","published","-0.0425","-log(mmol/L)","-0.0425","-log(mmol/L)","-"
"CCCCCCC#CCCO","R34182","M13511","-","298","itetko","published","1.1273","-log(mmol/L)","1.1273","-log(mmol/L)","-"
"OCC=C","R34183","M13317","-","299","itetko","published","-1.9178","-log(mmol/L)","-1.9178","-log(mmol/L)","-"
"CC(=C)CO","R34184","M1143","-","300","itetko","published","-1.6623","-log(mmol/L)","-1.6623","-log(mmol/L)","-"
"CC(O)C=C","R34185","M6832","-","301","itetko","published","-1.0529","-log(mmol/L)","-1.0529","-log(mmol/L)","-"
"OCC=CCO","R34186","M8211","-","302","itetko","published","-2.1495","-log(mmol/L)","-2.1495","-log(mmol/L)","-"
"CC(C)=CCO","R34187","M442","-","303","itetko","published","-1.2392","-log(mmol/L)","-1.2392","-log(mmol/L)","-"
"CCC=CCO","R34188","M1052","-","304","itetko","published","-1.1052","-log(mmol/L)","-1.1052","-log(mmol/L)","-"
"CC=CC(C)O","R34189","M3277","-","305","itetko","published","-1.401","-log(mmol/L)","-1.401","-log(mmol/L)","-"
"CCC(O)C=C","R34190","M11699","-","306","itetko","published","-1.3475","-log(mmol/L)","-1.3475","-log(mmol/L)","-"
"CCCC(O)C=C","R34191","M1091","-","307","itetko","published","-0.8113","-log(mmol/L)","-0.8113","-log(mmol/L)","-"
"CCCCCCC=CCO","R34192","M7571","-","308","itetko","published","0.7701","-log(mmol/L)","0.7701","-log(mmol/L)","-"
"CCCCCCCCC=CCO","R34193","M10421","-","309","itetko","published","1.6108","-log(mmol/L)","1.6108","-log(mmol/L)","-"
"CCCCCCCCCC=CCO","R34194","M6858","-","310","itetko","published","2.0915","-log(mmol/L)","2.0915","-log(mmol/L)","-"
"COC(C)=O","R34195","M5959","-","311","itetko","published","-1.5954","-log(mmol/L)","-1.5954","-log(mmol/L)","-"
"CCCOC(C)=O","R34196","M13604","-","312","itetko","published","-1.2382","-log(mmol/L)","-1.2382","-log(mmol/L)","-"
"CC(C)OC(C)=O","R34197","M5111","-","313","itetko","published","-1.59","-log(mmol/L)","-1.59","-log(mmol/L)","-"
"CCC(C)OC(C)=O","R34198","M1843","-","314","itetko","published","-0.6794","-log(mmol/L)","-0.6794","-log(mmol/L)","-"
"CCCCCOC(C)=O","R34199","M8546","-","315","itetko","published","0.1625","-log(mmol/L)","0.1625","-log(mmol/L)","-"
"CCC(CC)COC(C)=O","R34200","M4006","-","316","itetko","published","-0.1202","-log(mmol/L)","-0.1202","-log(mmol/L)","-"
"CCCCCCCCOC(C)=O","R34201","M13625","-","317","itetko","published","1.057","-log(mmol/L)","1.057","-log(mmol/L)","-"
"CCCCOC(=O)CC","R34202","M1040","-","318","itetko","published","0.1704","-log(mmol/L)","0.1704","-log(mmol/L)","-"
"CCC(=O)OCC(C)C","R34203","M3033","-","319","itetko","published","-0.6935","-log(mmol/L)","-0.6935","-log(mmol/L)","-"
"CCCOC(=O)CC","R34204","M6654","-","320","itetko","published","-0.8148","-log(mmol/L)","-0.8148","-log(mmol/L)","-"
"CCC(=O)OC(C)(C)C","R34205","M4845","-","321","itetko","published","-0.4095","-log(mmol/L)","-0.4095","-log(mmol/L)","-"
"CCCC(=O)OCC","R34206","M7774","-","322","itetko","published","-0.4903","-log(mmol/L)","-0.4903","-log(mmol/L)","-"
"CCOC(=O)C(C)CC","R34207","M3708","-","323","itetko","published","-0.8893","-log(mmol/L)","-0.8893","-log(mmol/L)","-"
"CCCCC(=O)OCC","R34208","M4295","-","324","itetko","published","-0.358","-log(mmol/L)","-0.358","-log(mmol/L)","-"
"CCOC(=O)CC(C)C","R34209","M8739","-","325","itetko","published","-0.7231","-log(mmol/L)","-0.7231","-log(mmol/L)","-"
"CCCOC(=O)CCC","R34210","M4087","-","326","itetko","published","-0.4138","-log(mmol/L)","-0.4138","-log(mmol/L)","-"
"CCCCOC(=O)CCC","R34211","M13258","-","327","itetko","published","0.5157","-log(mmol/L)","0.5157","-log(mmol/L)","-"
"CCCCCOC(=O)CC","R34212","M10843","-","328","itetko","published","-0.0431","-log(mmol/L)","-0.0431","-log(mmol/L)","-"
"CC(C)COC(=O)C(C)C","R34213","M10123","-","329","itetko","published","-0.5908","-log(mmol/L)","-0.5908","-log(mmol/L)","-"
"CCCCCC(=O)OCC","R34214","M10380","-","330","itetko","published","0.0637","-log(mmol/L)","0.0637","-log(mmol/L)","-"
"CCC(=O)OC","R34215","M9795","-","331","itetko","published","-1.6092","-log(mmol/L)","-1.6092","-log(mmol/L)","-"
"CCCC(=O)OC","R34216","M11378","-","332","itetko","published","-1.2463","-log(mmol/L)","-1.2463","-log(mmol/L)","-"
"CCCCC(=O)OC","R34217","M3938","-","333","itetko","published","-0.8448","-log(mmol/L)","-0.8448","-log(mmol/L)","-"
"CCC(C)C(=O)OC","R34218","M7812","-","334","itetko","published","-1.165","-log(mmol/L)","-1.165","-log(mmol/L)","-"
"CCCCCC(=O)OC","R34219","M7604","-","335","itetko","published","-0.5611","-log(mmol/L)","-0.5611","-log(mmol/L)","-"
"CCCCCCC(=O)OC","R34220","M13073","-","336","itetko","published","0.1039","-log(mmol/L)","0.1039","-log(mmol/L)","-"
"CCCCCCCC(=O)OC","R34221","M4989","-","337","itetko","published","0.5358","-log(mmol/L)","0.5358","-log(mmol/L)","-"
"CCCCCCCCC(=O)OC","R34222","M4438","-","338","itetko","published","1.0419","-log(mmol/L)","1.0419","-log(mmol/L)","-"
"CCCCCCCCCC(=O)OC","R34223","M13750","-","339","itetko","published","1.3778","-log(mmol/L)","1.3778","-log(mmol/L)","-"
"CCCCCCCCCCC(=O)OC","R34224","M13141","-","340","itetko","published","1.4248","-log(mmol/L)","1.4248","-log(mmol/L)","-"
"COC=O","R34225","M10892","-","341","itetko","published","-1.4982","-log(mmol/L)","-1.4982","-log(mmol/L)","-"
"CCCCOC=O","R34226","M7425","-","342","itetko","published","-0.9336","-log(mmol/L)","-0.9336","-log(mmol/L)","-"
"CC(C)(C)OC=O","R34227","M10062","-","343","itetko","published","-1.3719","-log(mmol/L)","-1.3719","-log(mmol/L)","-"
"CCCCCOC=O","R34228","M1988","-","344","itetko","published","-0.7826","-log(mmol/L)","-0.7826","-log(mmol/L)","-"
"CCC(=O)OCC=C","R34229","M13174","-","345","itetko","published","-0.8791","-log(mmol/L)","-0.8791","-log(mmol/L)","-"
"CCCCCCC(=O)OCC=C","R34230","M10417","-","346","itetko","published","0.7282","-log(mmol/L)","0.7282","-log(mmol/L)","-"
"CC(=C)OC(C)=O","R34231","M3757","-","347","itetko","published","-0.4892","-log(mmol/L)","-0.4892","-log(mmol/L)","-"
"CC(=O)OC=C","R34232","M13235","-","348","itetko","published","-0.8595","-log(mmol/L)","-0.8595","-log(mmol/L)","-"
"CCCCC(CC)C(=O)OC=C","R34233","M4377","-","349","itetko","published","1.0462","-log(mmol/L)","1.0462","-log(mmol/L)","-"
"CCC(=O)OCC#C","R34234","M754","-","350","itetko","published","-0.6554","-log(mmol/L)","-0.6554","-log(mmol/L)","-"
"CCC(=O)OC=C","R34235","M11115","-","351","itetko","published","-0.653","-log(mmol/L)","-0.653","-log(mmol/L)","-"
"CCCC(=O)OC=C","R34236","M6686","-","352","itetko","published","-0.3825","-log(mmol/L)","-0.3825","-log(mmol/L)","-"
"CC#CCOC(C)=O","R34237","M14367","-","353","itetko","published","-0.8834","-log(mmol/L)","-0.8834","-log(mmol/L)","-"
"CC(C)C(C)=O","R34238","M10735","-","354","itetko","published","-1.1689","-log(mmol/L)","-1.1689","-log(mmol/L)","-"
"CC(C)CC(C)=O","R34239","M7582","-","355","itetko","published","-1.2085","-log(mmol/L)","-1.2085","-log(mmol/L)","-"
"O=C1CCCCC1","R34240","M5009","-","356","itetko","published","-1.2333","-log(mmol/L)","-1.2333","-log(mmol/L)","-"
"CC(=O)C(C)(C)C","R34241","M8609","-","357","itetko","published","-1.442","-log(mmol/L)","-1.442","-log(mmol/L)","-"
"CCCCCC(C)=O","R34242","M1200","-","358","itetko","published","-0.4872","-log(mmol/L)","-0.4872","-log(mmol/L)","-"
"CCCC(=O)CCC","R34243","M3694","-","359","itetko","published","-0.669","-log(mmol/L)","-0.669","-log(mmol/L)","-"
"CCCCCCC(C)=O","R34244","M14300","-","360","itetko","published","-0.1455","-log(mmol/L)","-0.1455","-log(mmol/L)","-"
"CCCCC(=O)CCCC","R34245","M12564","-","361","itetko","published","0.0744","-log(mmol/L)","0.0744","-log(mmol/L)","-"
"CCCCCCCCC(C)=O","R34246","M13967","-","362","itetko","published","0.5822","-log(mmol/L)","0.5822","-log(mmol/L)","-"
"CCCCCCCC(=O)CC","R34247","M12981","-","363","itetko","published","0.6265","-log(mmol/L)","0.6265","-log(mmol/L)","-"
"CCCCCCCCCC(C)=O","R34248","M5988","-","364","itetko","published","1.5346","-log(mmol/L)","1.5346","-log(mmol/L)","-"
"CCCCCCCCCCC(C)=O","R34249","M6433","-","365","itetko","published","1.6696","-log(mmol/L)","1.6696","-log(mmol/L)","-"
"CCCCCCC(=O)CCCCCC","R34250","M11174","-","366","itetko","published","1.5214","-log(mmol/L)","1.5214","-log(mmol/L)","-"
"CC(=O)CCC=C","R34251","M9888","-","367","itetko","published","-1.1405","-log(mmol/L)","-1.1405","-log(mmol/L)","-"
"CC(=C)CCC(C)=O","R34252","M11528","-","368","itetko","published","-0.8749","-log(mmol/L)","-0.8749","-log(mmol/L)","-"
"CC(C)=CCCC(C)=O","R34253","M11072","-","369","itetko","published","-0.4523","-log(mmol/L)","-0.4523","-log(mmol/L)","-"
"CCC#N","R34254","M2959","-","370","itetko","published","-1.9721","-log(mmol/L)","-1.9721","-log(mmol/L)","-"
"CCCC#N","R34255","M5893","-","371","itetko","published","-1.4409","-log(mmol/L)","-1.4409","-log(mmol/L)","-"
"CCCCC#N","R34256","M9677","-","372","itetko","published","-1.0071","-log(mmol/L)","-1.0071","-log(mmol/L)","-"
"CC(C)CC#N","R34257","M9132","-","373","itetko","published","-0.8764","-log(mmol/L)","-0.8764","-log(mmol/L)","-"
"CCCCCC#N","R34258","M182","-","374","itetko","published","-0.3758","-log(mmol/L)","-0.3758","-log(mmol/L)","-"
"CC(C)CCC#N","R34259","M2297","-","375","itetko","published","-0.786","-log(mmol/L)","-0.786","-log(mmol/L)","-"
"CCCCCCCCC#N","R34260","M8663","-","376","itetko","published","0.6247","-log(mmol/L)","0.6247","-log(mmol/L)","-"
"CCCCCCCCCCC#N","R34261","M10769","-","377","itetko","published","1.6498","-log(mmol/L)","1.6498","-log(mmol/L)","-"
"CCCCBr","R34262","M6932","-","378","itetko","published","-0.1802","-log(mmol/L)","-0.1802","-log(mmol/L)","-"
"CCCCCBr","R34263","M13944","-","379","itetko","published","0.4839","-log(mmol/L)","0.4839","-log(mmol/L)","-"
"CCCCCCCCBr","R34264","M11802","-","380","itetko","published","1.8697","-log(mmol/L)","1.8697","-log(mmol/L)","-"
"CCCCC(Br)CBr","R34265","M7611","-","381","itetko","published","1.1457","-log(mmol/L)","1.1457","-log(mmol/L)","-"
"BrCCCCCCBr","R34266","M10347","-","382","itetko","published","1.046","-log(mmol/L)","1.046","-log(mmol/L)","-"
"CCC(Br)C(Br)CC","R34267","M11562","-","383","itetko","published","0.9978","-log(mmol/L)","0.9978","-log(mmol/L)","-"
"CCCSCCC","R34268","M14064","-","384","itetko","published","-0.0029","-log(mmol/L)","-0.0029","-log(mmol/L)","-"
"CCCCSCCCC","R34269","M4067","-","385","itetko","published","1.04","-log(mmol/L)","1.04","-log(mmol/L)","-"
"CCCCCCCS","R34270","M11877","-","386","itetko","published","1.02","-log(mmol/L)","1.02","-log(mmol/L)","-"
"SC1CCCCC1","R34271","M1479","-","387","itetko","published","-0.004","-log(mmol/L)","-0.004","-log(mmol/L)","-"
"[H]C([H])([H])S(=O)C([H])([H])[H]","R34272","M4265","-","388","itetko","published","-2.4518","-log(mmol/L)","-2.4518","-log(mmol/L)","-"
"CCCCS(=O)CCCC","R34273","M6344","-","389","itetko","published","-0.2567","-log(mmol/L)","-0.2567","-log(mmol/L)","-"
"CCCOS(=O)OCCC","R34274","M6606","-","390","itetko","published","0.0861","-log(mmol/L)","0.0861","-log(mmol/L)","-"
"CCOS(=O)(=O)OCC","R34275","M1902","-","391","itetko","published","-0.6977","-log(mmol/L)","-0.6977","-log(mmol/L)","-"
"CCCCOS(=O)(=O)OCCCC","R34276","M6268","-","392","itetko","published","0.6207","-log(mmol/L)","0.6207","-log(mmol/L)","-"
"CC(C)=NO","R34277","M8888","-","393","itetko","published","-1.2485","-log(mmol/L)","-1.2485","-log(mmol/L)","-"
"CCCCCC(C)=NO","R34278","M7307","-","394","itetko","published","0.1025","-log(mmol/L)","0.1025","-log(mmol/L)","-"
"COC(N)=O","R34279","M3487","-","395","itetko","published","-1.9749","-log(mmol/L)","-1.9749","-log(mmol/L)","-"
"CCOC(N)=O","R34280","M5175","-","396","itetko","published","-1.65","-log(mmol/L)","-1.65","-log(mmol/L)","-"
"CCCCOC(N)=O","R34281","M10429","-","397","itetko","published","-0.9663","-log(mmol/L)","-0.9663","-log(mmol/L)","-"
"CCOC(=O)CCCCCCCCC(=O)OCC","R34282","M8100","-","398","itetko","published","1.3536","-log(mmol/L)","1.3536","-log(mmol/L)","-"
"CCOC(=O)CCCCCCC(=O)OCC","R34283","M8498","-","399","itetko","published","0.7018","-log(mmol/L)","0.7018","-log(mmol/L)","-"
"CCOC(=O)CCC(=O)OCC","R34284","M2030","-","400","itetko","published","-0.8511","-log(mmol/L)","-0.8511","-log(mmol/L)","-"
"COC(=O)CC(=O)OC","R34285","M704","-","401","itetko","published","-1.2869","-log(mmol/L)","-1.2869","-log(mmol/L)","-"
"CCCCOC(=O)CCCCC(=O)OCCCC","R34286","M13227","-","402","itetko","published","0.7918","-log(mmol/L)","0.7918","-log(mmol/L)","-"
"COC(=O)CCCCCCCCCCCC(=O)OC","R34287","M12668","-","403","itetko","published","1.6536","-log(mmol/L)","1.6536","-log(mmol/L)","-"
"COC(=O)CCCCCCC(=O)OC","R34288","M6303","-","404","itetko","published","0.2962","-log(mmol/L)","0.2962","-log(mmol/L)","-"
"COC(=O)CCCC(=O)OC","R34289","M13223","-","405","itetko","published","-1.1679","-log(mmol/L)","-1.1679","-log(mmol/L)","-"
"CCCCC(C(=O)OCC)C(=O)OCC","R34290","M9935","-","406","itetko","published","0.5566","-log(mmol/L)","0.5566","-log(mmol/L)","-"
"CCOC(=O)C(CC)C(=O)OCC","R34291","M11893","-","407","itetko","published","-0.2422","-log(mmol/L)","-0.2422","-log(mmol/L)","-"
"CCOC(=O)CC(=O)C(C)(C)C(=O)OCC","R34292","M5425","-","408","itetko","published","-0.3778","-log(mmol/L)","-0.3778","-log(mmol/L)","-"
"CCOC(=O)CCC(=O)CCC(=O)OCC","R34293","M14098","-","409","itetko","published","-0.6378","-log(mmol/L)","-0.6378","-log(mmol/L)","-"
"CCCC(C(=O)OCC)C(=O)OCC","R34294","M3457","-","410","itetko","published","0.1341","-log(mmol/L)","0.1341","-log(mmol/L)","-"
"CCOC(=O)C(NC(C)=O)C(=O)OCC","R34295","M4650","-","411","itetko","published","-1.2037","-log(mmol/L)","-1.2037","-log(mmol/L)","-"
"CCOC(=O)C(CC=C)C(=O)OCC","R34296","M3126","-","412","itetko","published","-0.0559","-log(mmol/L)","-0.0559","-log(mmol/L)","-"
"CCCCOC(=O)CCC(=O)OCCCC","R34297","M13841","-","413","itetko","published","0.5123","-log(mmol/L)","0.5123","-log(mmol/L)","-"
"CCC([O-])=O","R34298","M12780","-","414","itetko","published","-1.4503","-log(mmol/L)","-1.4503","-log(mmol/L)","-"
"CCCC([O-])=O","R34299","M2541","-","415","itetko","published","-1.3722","-log(mmol/L)","-1.3722","-log(mmol/L)","-"
"CCCCCCCC([O-])=O","R34300","M12676","-","416","itetko","published","-7.0E-4","-log(mmol/L)","-7.0E-4","-log(mmol/L)","-"
"[O-]C(=O)CCC([O-])=O","R34301","M5500","-","417","itetko","published","-1.651","-log(mmol/L)","-1.651","-log(mmol/L)",""
"CC(C)C=O","R34302","M283","-","418","itetko","published","-0.4328","-log(mmol/L)","-0.4328","-log(mmol/L)","-"
"CCCCC=O","R34303","M3788","-","419","itetko","published","-0.0223","-log(mmol/L)","-0.0223","-log(mmol/L)","-"
"CCC(C)C=O","R34304","M1146","-","420","itetko","published","-0.3107","-log(mmol/L)","-0.3107","-log(mmol/L)","-"
"CCCC(C)C=O","R34305","M2916","-","421","itetko","published","-0.4745","-log(mmol/L)","-0.4745","-log(mmol/L)","-"
"CC(C)(C)CC=O","R34306","M6459","-","422","itetko","published","-0.3744","-log(mmol/L)","-0.3744","-log(mmol/L)","-"
"CCCCCCCC=O","R34307","M7598","-","423","itetko","published","0.4829","-log(mmol/L)","0.4829","-log(mmol/L)","-"
"CCCCC(CC)C=O","R34308","M6152","-","424","itetko","published","0.1608","-log(mmol/L)","0.1608","-log(mmol/L)","-"
"CCCCCCCCCCC=O","R34309","M5693","-","425","itetko","published","1.6904","-log(mmol/L)","1.6904","-log(mmol/L)","-"
"CCCCCCCCCCCC=O","R34310","M3772","-","426","itetko","published","1.7595","-log(mmol/L)","1.7595","-log(mmol/L)","-"
"O=C1CCO1","R34311","M11610","-","427","itetko","published","-0.1255","-log(mmol/L)","-0.1255","-log(mmol/L)","-"
"O=C1CCCO1","R34312","M13474","-","428","itetko","published","-1.7171","-log(mmol/L)","-1.7171","-log(mmol/L)","-"
"CC1CC(=O)O1","R34313","M3462","-","429","itetko","published","-0.7588","-log(mmol/L)","-0.7588","-log(mmol/L)","-"
"CCC1CCC(=O)O1","R34314","M4871","-","430","itetko","published","-1.2403","-log(mmol/L)","-1.2403","-log(mmol/L)","-"
"O=C1CCCCCO1","R34315","M8398","-","431","itetko","published","-1.2609","-log(mmol/L)","-1.2609","-log(mmol/L)","-"
"CCCCCC1CCC(=O)O1","R34316","M7744","-","432","itetko","published","0.0142","-log(mmol/L)","0.0142","-log(mmol/L)","-"
"CCCCCCC1CCC(=O)O1","R34317","M4375","-","433","itetko","published","0.4928","-log(mmol/L)","0.4928","-log(mmol/L)","-"
"CC#CCO","R34318","M7232","-","434","itetko","published","-0.8678","-log(mmol/L)","-0.8678","-log(mmol/L)","-"
"CC(O)C#C","R34319","M3292","-","435","itetko","published","-0.4024","-log(mmol/L)","-0.4024","-log(mmol/L)","-"
"CCC#CCO","R34320","M12399","-","436","itetko","published","-0.5724","-log(mmol/L)","-0.5724","-log(mmol/L)","-"
"OCC=CC#C","R34321","M10833","-","437","itetko","published","-0.5549","-log(mmol/L)","-0.5549","-log(mmol/L)","-"
"CCCC(O)C#C","R34322","M6450","-","438","itetko","published","0.6574","-log(mmol/L)","0.6574","-log(mmol/L)","-"
"CCC#CC(C)O","R34323","M4358","-","439","itetko","published","0.5112","-log(mmol/L)","0.5112","-log(mmol/L)","-"
"CC(O)C#CC(C)O","R34324","M5487","-","440","itetko","published","-0.4604","-log(mmol/L)","-0.4604","-log(mmol/L)","-"
"CCCCC(O)C#C","R34325","M10372","-","441","itetko","published","-0.265","-log(mmol/L)","-0.265","-log(mmol/L)","-"
"CCCCC#CCO","R34326","M7892","-","442","itetko","published","-0.1895","-log(mmol/L)","-0.1895","-log(mmol/L)","-"
"CCCCCCC#CCO","R34327","M12864","-","443","itetko","published","0.6486","-log(mmol/L)","0.6486","-log(mmol/L)","-"
"CCCCCCCC#CCO","R34328","M3166","-","444","itetko","published","0.9855","-log(mmol/L)","0.9855","-log(mmol/L)","-"
"CCCCCCCCCCC#CCO","R34329","M5164","-","445","itetko","published","2.3665","-log(mmol/L)","2.3665","-log(mmol/L)","-"
"CC(C)C(O)C#C","R34330","M11359","-","446","itetko","published","-0.0267","-log(mmol/L)","-0.0267","-log(mmol/L)","-"
"CC(C)CC(O)C#C","R34331","M7585","-","447","itetko","published","0.6173","-log(mmol/L)","0.6173","-log(mmol/L)","-"
"CCCC(C)C(O)C#C","R34332","M12475","-","448","itetko","published","0.7426","-log(mmol/L)","0.7426","-log(mmol/L)","-"
"OCCCl","R34333","M10767","-","449","itetko","published","-1.4174","-log(mmol/L)","-1.4174","-log(mmol/L)","-"
"CC(O)CCl","R34334","M13927","-","450","itetko","published","-1.492","-log(mmol/L)","-1.492","-log(mmol/L)","-"
"OCC(Cl)(Cl)Cl","R34335","M5769","-","451","itetko","published","-0.4647","-log(mmol/L)","-0.4647","-log(mmol/L)","-"
"OCCCCCCCl","R34336","M5143","-","452","itetko","published","-0.2726","-log(mmol/L)","-0.2726","-log(mmol/L)","-"
"OCCCCCCBr","R34337","M2487","-","453","itetko","published","0.0074","-log(mmol/L)","0.0074","-log(mmol/L)","-"
"OCCCCCCCCBr","R34338","M3353","-","454","itetko","published","1.0424","-log(mmol/L)","1.0424","-log(mmol/L)","-"
"CC(C)(CO)CBr","R34339","M5787","-","455","itetko","published","-0.4603","-log(mmol/L)","-0.4603","-log(mmol/L)","-"
"CC(O)CBr","R34340","M12200","-","456","itetko","published","-1.1885","-log(mmol/L)","-1.1885","-log(mmol/L)","-"
"OCC(Br)CBr","R34341","M9497","-","457","itetko","published","-0.4861","-log(mmol/L)","-0.4861","-log(mmol/L)","-"
"CC(=O)OCCCCBr","R34342","M11219","-","458","itetko","published","0.3923","-log(mmol/L)","0.3923","-log(mmol/L)","-"
"CC(=O)OCCCCCCl","R34343","M14026","-","459","itetko","published","-0.1312","-log(mmol/L)","-0.1312","-log(mmol/L)","-"
"COC(=O)CCCCBr","R34344","M9588","-","460","itetko","published","-0.0802","-log(mmol/L)","-0.0802","-log(mmol/L)","-"
"CCOC(=O)CCCCBr","R34345","M122","-","461","itetko","published","0.2177","-log(mmol/L)","0.2177","-log(mmol/L)","-"
"CCOC(=O)CCCCCBr","R34346","M2354","-","462","itetko","published","0.5936","-log(mmol/L)","0.5936","-log(mmol/L)","-"
"CCOC(=O)CCCl","R34347","M14011","-","463","itetko","published","-0.498","-log(mmol/L)","-0.498","-log(mmol/L)","-"
"CCOC(=O)CCCCl","R34348","M8154","-","464","itetko","published","-0.2809","-log(mmol/L)","-0.2809","-log(mmol/L)","-"
"BrCCCCC#N","R34349","M7665","-","465","itetko","published","-0.2147","-log(mmol/L)","-0.2147","-log(mmol/L)",""
"BrCCCCCCC#N","R34350","M4142","-","466","itetko","published","0.512","-log(mmol/L)","0.512","-log(mmol/L)","-"
"ClCCC#N","R34351","M3362","-","467","itetko","published","-0.9986","-log(mmol/L)","-0.9986","-log(mmol/L)","-"
"OC(=O)CCCBr","R34352","M3452","-","468","itetko","published","-0.7711","-log(mmol/L)","-0.7711","-log(mmol/L)","-"
"OC(=O)CCBr","R34353","M1968","-","469","itetko","published","-0.0444","-log(mmol/L)","-0.0444","-log(mmol/L)","-"
"OC(=O)CCCCl","R34354","M4571","-","470","itetko","published","-0.6773","-log(mmol/L)","-0.6773","-log(mmol/L)","-"
"OC(=O)CCCl","R34355","M9074","-","471","itetko","published","-0.3321","-log(mmol/L)","-0.3321","-log(mmol/L)","-"
"OC(=O)CCCCCl","R34356","M13793","-","472","itetko","published","-0.2857","-log(mmol/L)","-0.2857","-log(mmol/L)","-"
"CC(C)C(Br)C(O)=O","R34357","M10987","-","473","itetko","published","-0.5492","-log(mmol/L)","-0.5492","-log(mmol/L)","-"
"CCCCC(Br)C(O)=O","R34358","M4234","-","474","itetko","published","0.4547","-log(mmol/L)","0.4547","-log(mmol/L)","-"
"CC(=O)NN","R34359","M7876","-","475","itetko","published","-1.3796","-log(mmol/L)","-1.3796","-log(mmol/L)","-"
"CCCC(=O)NN","R34360","M2482","-","476","itetko","published","-0.972","-log(mmol/L)","-0.972","-log(mmol/L)",""
"NNC(=O)CCCCC(=O)NN","R34361","M4282","-","477","itetko","published","-1.3744","-log(mmol/L)","-1.3744","-log(mmol/L)","-"
"NNC=O","R34362","M13344","-","478","itetko","published","-0.8708","-log(mmol/L)","-0.8708","-log(mmol/L)","-"
"N#CCCCCC#N","R34363","M1033","-","479","itetko","published","-1.5381","-log(mmol/L)","-1.5381","-log(mmol/L)","-"
"CC(=O)CC(C)=O","R34364","M13753","-","480","itetko","published","-0.2721","-log(mmol/L)","-0.2721","-log(mmol/L)","-"
"O=C1CCC(=O)CC1","R34365","M1857","-","481","itetko","published","-1.6677","-log(mmol/L)","-1.6677","-log(mmol/L)","-"
"CCC(=O)CC(=O)CC","R34366","M1933","-","482","itetko","published","-0.3816","-log(mmol/L)","-0.3816","-log(mmol/L)","-"
"CCCCC(=O)CC(C)=O","R34367","M3278","-","483","itetko","published","0.1298","-log(mmol/L)","0.1298","-log(mmol/L)","-"
"CCCCCC(=O)CC(C)=O","R34368","M5527","-","484","itetko","published","0.5058","-log(mmol/L)","0.5058","-log(mmol/L)","-"
"NCCO","R34369","M4218","-","485","itetko","published","-1.3855","-log(mmol/L)","-1.3855","-log(mmol/L)","-"
"NCCCO","R34370","M12615","-","486","itetko","published","-1.6917","-log(mmol/L)","-1.6917","-log(mmol/L)","-"
"CNCCO","R34371","M8141","-","487","itetko","published","-1.8202","-log(mmol/L)","-1.8202","-log(mmol/L)","-"
"CCNCCO","R34372","M6782","-","488","itetko","published","-1.6491","-log(mmol/L)","-1.6491","-log(mmol/L)","-"
"CC(C)(N)CO","R34373","M1233","-","489","itetko","published","-1.9315","-log(mmol/L)","-1.9315","-log(mmol/L)","-"
"CCCC(N)CO","R34374","M11158","-","490","itetko","published","-0.6718","-log(mmol/L)","-0.6718","-log(mmol/L)","-"
"CC(C)(CN)CO","R34375","M2763","-","491","itetko","published","-0.9246","-log(mmol/L)","-0.9246","-log(mmol/L)","-"
"NCCCCCCO","R34376","M10678","-","492","itetko","published","-0.958","-log(mmol/L)","-0.958","-log(mmol/L)","-"
"CCCCC(N)CO","R34377","M2159","-","493","itetko","published","-0.5848","-log(mmol/L)","-0.5848","-log(mmol/L)","-"
"CC(C)C(N)CO","R34378","M7669","-","494","itetko","published","-0.5852","-log(mmol/L)","-0.5852","-log(mmol/L)","-"
"CC(C)(C)C(N)CO","R34379","M4897","-","495","itetko","published","-0.7178","-log(mmol/L)","-0.7178","-log(mmol/L)","-"
"CCC(C)C(N)CO","R34380","M11973","-","496","itetko","published","-0.6594","-log(mmol/L)","-0.6594","-log(mmol/L)","-"
"CC(C)CC(N)CO","R34381","M11887","-","497","itetko","published","-0.6191","-log(mmol/L)","-0.6191","-log(mmol/L)","-"
"CC(C)(C)NCCO","R34382","M4710","-","498","itetko","published","-1.673","-log(mmol/L)","-1.673","-log(mmol/L)","-"
"NCC(O)CO","R34383","M5779","-","499","itetko","published","-1.8124","-log(mmol/L)","-1.8124","-log(mmol/L)","-"
"CN(CCO)CCO","R34384","M1590","-","500","itetko","published","-1.8338","-log(mmol/L)","-1.8338","-log(mmol/L)","-"
"OCCN(CCO)CCO","R34385","M3468","-","501","itetko","published","-1.7488","-log(mmol/L)","-1.7488","-log(mmol/L)","-"
"CCCN","R34386","M12277","-","502","itetko","published","-0.7075","-log(mmol/L)","-0.7075","-log(mmol/L)","-"
"CCCCN","R34387","M3999","-","503","itetko","published","-0.5735","-log(mmol/L)","-0.5735","-log(mmol/L)","-"
"CCCNC","R34388","M3549","-","504","itetko","published","-0.8087","-log(mmol/L)","-0.8087","-log(mmol/L)","-"
"CCCCCCCN","R34389","M12359","-","505","itetko","published","0.2109","-log(mmol/L)","0.2109","-log(mmol/L)","-"
"CCCCCCCCN","R34390","M4552","-","506","itetko","published","0.3509","-log(mmol/L)","0.3509","-log(mmol/L)","-"
"CCCCCCCCCN","R34391","M2636","-","507","itetko","published","1.7011","-log(mmol/L)","1.7011","-log(mmol/L)","-"
"CCCCCCCCCCN","R34392","M6778","-","508","itetko","published","2.0555","-log(mmol/L)","2.0555","-log(mmol/L)","-"
"CCCCCCCCCCCN","R34393","M9087","-","509","itetko","published","2.3279","-log(mmol/L)","2.3279","-log(mmol/L)","-"
"CC(C)N","R34394","M5061","-","510","itetko","published","-0.8635","-log(mmol/L)","-0.8635","-log(mmol/L)","-"
"CCC(C)N","R34395","M775","-","511","itetko","published","-0.6708","-log(mmol/L)","-0.6708","-log(mmol/L)","-"
"CCCC(C)N","R34396","M4381","-","512","itetko","published","-0.6846","-log(mmol/L)","-0.6846","-log(mmol/L)","-"
"CCC(N)CC","R34397","M8755","-","513","itetko","published","-0.8129","-log(mmol/L)","-0.8129","-log(mmol/L)","-"
"CCC(C)CN","R34398","M11748","-","514","itetko","published","-0.4774","-log(mmol/L)","-0.4774","-log(mmol/L)","-"
"CC(C)(C)N","R34399","M13408","-","515","itetko","published","-0.8973","-log(mmol/L)","-0.8973","-log(mmol/L)","-"
"CCC(C)(C)N","R34400","M3134","-","516","itetko","published","-0.6978","-log(mmol/L)","-0.6978","-log(mmol/L)","-"
"CC(C)C(C)N","R34401","M5178","-","517","itetko","published","-0.7095","-log(mmol/L)","-0.7095","-log(mmol/L)","-"
"NCC#C","R34402","M5067","-","518","itetko","published","-0.826","-log(mmol/L)","-0.826","-log(mmol/L)",""
"CNCC#C","R34403","M4002","-","519","itetko","published","-0.9818","-log(mmol/L)","-0.9818","-log(mmol/L)","-"
"CN(C)CC#C","R34404","M4463","-","520","itetko","published","-1.1451","-log(mmol/L)","-1.1451","-log(mmol/L)","-"
"COCCCN","R34405","M2453","-","521","itetko","published","-1.7725","-log(mmol/L)","-1.7725","-log(mmol/L)","-"
"COCC(C)N","R34406","M7674","-","522","itetko","published","-0.8332","-log(mmol/L)","-0.8332","-log(mmol/L)","-"
"CCC(O)=O","R34407","M12780","-","523","itetko","published","-0.5123","-log(mmol/L)","-0.5123","-log(mmol/L)","-"
"CCCC(O)=O","R34408","M2541","-","524","itetko","published","-0.572","-log(mmol/L)","-0.572","-log(mmol/L)","-"
"CCCCCCC(O)=O","R34409","M6894","-","525","itetko","published","-0.1126","-log(mmol/L)","-0.1126","-log(mmol/L)","-"
"CCCCCCCC(O)=O","R34410","M12676","-","526","itetko","published","0.0807","-log(mmol/L)","0.0807","-log(mmol/L)","-"
"CCCCCCCCC(O)=O","R34411","M2478","-","527","itetko","published","0.3509","-log(mmol/L)","0.3509","-log(mmol/L)","-"
"CCCCCCCCCC(O)=O","R34412","M3223","-","528","itetko","published","0.5063","-log(mmol/L)","0.5063","-log(mmol/L)","-"
"CCCCCCCCCCC(O)=O","R34413","M14035","-","529","itetko","published","0.8983","-log(mmol/L)","0.8983","-log(mmol/L)","-"
"CC(C)C(O)=O","R34414","M5785","-","530","itetko","published","-0.3334","-log(mmol/L)","-0.3334","-log(mmol/L)","-"
"CC(C)CC(O)=O","R34415","M3566","-","531","itetko","published","-0.3415","-log(mmol/L)","-0.3415","-log(mmol/L)","-"
"CC(C)(C)C(O)=O","R34416","M4682","-","532","itetko","published","-0.2543","-log(mmol/L)","-0.2543","-log(mmol/L)","-"
"CCC(C)CC(O)=O","R34417","M4386","-","533","itetko","published","-0.2331","-log(mmol/L)","-0.2331","-log(mmol/L)","-"
"CCC(CC)C(O)=O","R34418","M8338","-","534","itetko","published","-0.1523","-log(mmol/L)","-0.1523","-log(mmol/L)","-"
"CCCC(CCC)C(O)=O","R34419","M7341","-","535","itetko","published","0.0258","-log(mmol/L)","0.0258","-log(mmol/L)","-"
"OC(=O)CC=C","R34420","M8838","-","536","itetko","published","-0.6424","-log(mmol/L)","-0.6424","-log(mmol/L)","-"
"CCC=CCC(O)=O","R34421","M13299","-","537","itetko","published","-0.2222","-log(mmol/L)","-0.2222","-log(mmol/L)","-"
"OC(=O)CC(O)=O","R34422","M7880","-","538","itetko","published","-0.7087","-log(mmol/L)","-0.7087","-log(mmol/L)","-"
"OC(=O)CCC(O)=O","R34423","M5500","-","539","itetko","published","-0.9395","-log(mmol/L)","-0.9395","-log(mmol/L)","-"
"OC(=O)CCCC(O)=O","R34424","M4960","-","540","itetko","published","-0.6387","-log(mmol/L)","-0.6387","-log(mmol/L)","-"
"OC(=O)CCCCCC(O)=O","R34425","M12393","-","541","itetko","published","-0.5845","-log(mmol/L)","-0.5845","-log(mmol/L)","-"
"OC(=O)CCCCCCCCC(O)=O","R34426","M1729","-","542","itetko","published","-0.2676","-log(mmol/L)","-0.2676","-log(mmol/L)","-"
"CC=CC(O)=O","R34427","M6077","-","543","itetko","published","-0.5448","-log(mmol/L)","-0.5448","-log(mmol/L)","-"
"CCC=CC(O)=O","R34428","M13564","-","544","itetko","published","-0.2774","-log(mmol/L)","-0.2774","-log(mmol/L)","-"
"CCCC=CC(O)=O","R34429","M7348","-","545","itetko","published","-0.1279","-log(mmol/L)","-0.1279","-log(mmol/L)","-"
"OC(=O)C#C","R34430","M11241","-","546","itetko","published","-0.2942","-log(mmol/L)","-0.2942","-log(mmol/L)","-"
"CCCCCC#CC(O)=O","R34431","M956","-","547","itetko","published","-0.057","-log(mmol/L)","-0.057","-log(mmol/L)","-"
"CCCCCCC#CC(O)=O","R34432","M13977","-","548","itetko","published","0.7138","-log(mmol/L)","0.7138","-log(mmol/L)","-"
"CCN=C=S","R34433","M3678","-","549","itetko","published","1.6271","-log(mmol/L)","1.6271","-log(mmol/L)","-"
"CCCN=C=S","R34434","M5630","-","550","itetko","published","1.6925","-log(mmol/L)","1.6925","-log(mmol/L)","-"
"CCCCN=C=S","R34435","M6188","-","551","itetko","published","1.7212","-log(mmol/L)","1.7212","-log(mmol/L)","-"
"CCCCCCN=C=S","R34436","M12702","-","552","itetko","published","1.7496","-log(mmol/L)","1.7496","-log(mmol/L)","-"
"CC(C)(C)CN=C=S","R34437","M9893","-","553","itetko","published","0.3529","-log(mmol/L)","0.3529","-log(mmol/L)",""
"S=C=NCCCN=C=S","R34438","M4040","-","554","itetko","published","2.7212","-log(mmol/L)","2.7212","-log(mmol/L)","-"
"CCCCC(Cl)=O","R34439","M12908","-","555","itetko","published","-0.3447","-log(mmol/L)","-0.3447","-log(mmol/L)","-"
"CCCCCC(Cl)=O","R34440","M13871","-","556","itetko","published","0.3395","-log(mmol/L)","0.3395","-log(mmol/L)","-"
"CCCCCCC(Cl)=O","R34441","M10962","-","557","itetko","published","0.4592","-log(mmol/L)","0.4592","-log(mmol/L)","-"
"CCCCCCCC(Cl)=O","R34442","M9652","-","558","itetko","published","0.4149","-log(mmol/L)","0.4149","-log(mmol/L)","-"
"CCCC(Br)C(=O)OCC","R34443","M8209","-","559","itetko","published","0.6985","-log(mmol/L)","0.6985","-log(mmol/L)","-"
"CCCCC(Br)C(=O)OCC","R34444","M5744","-","560","itetko","published","0.8601","-log(mmol/L)","0.8601","-log(mmol/L)","-"
"CCOC(=O)C(C)Br","R34445","M406","-","561","itetko","published","1.057","-log(mmol/L)","1.057","-log(mmol/L)","-"
"CCOC(=O)C(Br)CBr","R34446","M7857","-","562","itetko","published","2.2076","-log(mmol/L)","2.2076","-log(mmol/L)","-"
"CCOC(=O)C(Br)C(C)Br","R34447","M13713","-","563","itetko","published","1.4377","-log(mmol/L)","1.4377","-log(mmol/L)","-"
"CCOC(=O)C(C)Cl","R34448","M4945","-","564","itetko","published","-0.4312","-log(mmol/L)","-0.4312","-log(mmol/L)","-"
"CCOC(=O)C(Cl)C(=O)OCC","R34449","M12405","-","565","itetko","published","0.6345","-log(mmol/L)","0.6345","-log(mmol/L)","-"
"CCOC(=O)C(C)(C)Br","R34450","M4549","-","566","itetko","published","0.1523","-log(mmol/L)","0.1523","-log(mmol/L)","-"
"CC(=O)C(Cl)Cl","R34451","M1613","-","567","itetko","published","0.6409","-log(mmol/L)","0.6409","-log(mmol/L)","-"
"CC(Cl)C(C)=O","R34452","M7953","-","568","itetko","published","0.269","-log(mmol/L)","0.269","-log(mmol/L)","-"
"CC(C)(Br)C(=O)C(C)(C)Br","R34453","M10715","-","569","itetko","published","0.513","-log(mmol/L)","0.513","-log(mmol/L)","-"
"CC(Br)C(=O)C(=O)C(C)Br","R34454","M9172","-","570","itetko","published","2.1675","-log(mmol/L)","2.1675","-log(mmol/L)","-"
"BrCC=CCBr","R34455","M9879","-","571","itetko","published","1.9245","-log(mmol/L)","1.9245","-log(mmol/L)","-"
"CC(Cl)C#N","R34456","M5121","-","572","itetko","published","-0.8631","-log(mmol/L)","-0.8631","-log(mmol/L)","-"
"ClCC#N","R34457","M9660","-","573","itetko","published","0.8453","-log(mmol/L)","0.8453","-log(mmol/L)","-"
"ClC(Cl)C#N","R34458","M10655","-","574","itetko","published","0.9731","-log(mmol/L)","0.9731","-log(mmol/L)","-"
"ClCC(=O)CCl","R34459","M10669","-","575","itetko","published","2.0458","-log(mmol/L)","2.0458","-log(mmol/L)","-"
"ClC(Cl)(Cl)C#N","R34460","M2238","-","576","itetko","published","1.8827","-log(mmol/L)","1.8827","-log(mmol/L)","-"
"BrCC#N","R34461","M9669","-","577","itetko","published","2.2291","-log(mmol/L)","2.2291","-log(mmol/L)","-"
"BrC(Br)C#N","R34462","M7225","-","578","itetko","published","2.3979","-log(mmol/L)","2.3979","-log(mmol/L)","-"
"C1CSCCS1","R34463","M6348","-","579","itetko","published","-0.11","-log(mmol/L)","-0.11","-log(mmol/L)","-"
"CCOS(=O)OCC","R34464","M7625","-","580","itetko","published","-0.99","-log(mmol/L)","-0.99","-log(mmol/L)","-"
"C=CS(=O)(=O)C=C","R34465","M118","-","581","itetko","published","1.41","-log(mmol/L)","1.41","-log(mmol/L)","-"
"CCS(=O)(=O)C=C","R34466","M805","-","582","itetko","published","0.11","-log(mmol/L)","0.11","-log(mmol/L)","-"
"SC1=CC=CC=C1","R34467","M9877","-","583","itetko","published","1.66","-log(mmol/L)","1.66","-log(mmol/L)","-"
"S1C=CC2=C1C=CC=C2","R34468","M2483","-","584","itetko","published","0.26","-log(mmol/L)","0.26","-log(mmol/L)","-"
"O1C2=C(SC3=C1C=CC=C3)C=CC=C2","R34469","M3271","-","585","itetko","published","2.04","-log(mmol/L)","2.04","-log(mmol/L)","-"
"CCCSC1=CC=CC=C1","R34470","M7668","-","586","itetko","published","0.86","-log(mmol/L)","0.86","-log(mmol/L)","-"
"C=CSC1=CC=CC=C1","R34471","M3344","-","587","itetko","published","0.42","-log(mmol/L)","0.42","-log(mmol/L)","-"
"C=CS(=O)C1=CC=CC=C1","R34472","M7136","-","588","itetko","published","0.16","-log(mmol/L)","0.16","-log(mmol/L)","-"
"CCS(=O)(=O)C1=CC=CC=C1","R34473","M11541","-","589","itetko","published","-0.79","-log(mmol/L)","-0.79","-log(mmol/L)","-"
"C=CCS(=O)(=O)C1=CC=CC=C1","R34474","M5984","-","590","itetko","published","0.31","-log(mmol/L)","0.31","-log(mmol/L)","-"
"C=CS(=O)(=O)C1=CC=CC=C1","R34475","M11138","-","591","itetko","published","1.28","-log(mmol/L)","1.28","-log(mmol/L)","-"
"CCCCC1=CC=C(C=C1)N=C=S","R34476","M8910","-","592","itetko","published","2.76","-log(mmol/L)","2.76","-log(mmol/L)",""
"S=C=NC1=CC=CC2=C1C=CC=C2","R34477","M4870","-","593","itetko","published","2.14","-log(mmol/L)","2.14","-log(mmol/L)","-"
"CC(N=C=S)C1=CC=CC=C1","R34478","M9342","-","594","itetko","published","2.71","-log(mmol/L)","2.71","-log(mmol/L)","-"
"S=C=NC(C1=CC=CC=C1)C1=CC=CC=C1","R34479","M12173","-","595","itetko","published","3.05","-log(mmol/L)","3.05","-log(mmol/L)","-"
"S=C=NCCC1=CC=CC=C1","R34480","M4825","-","596","itetko","published","2.54","-log(mmol/L)","2.54","-log(mmol/L)","-"
"S=C=NCC1=CC=CC2=C1C=CC=C2","R34481","M5057","-","597","itetko","published","3.05","-log(mmol/L)","3.05","-log(mmol/L)","-"
"O=C(C=CC1=CC=CC=C1)N=C=S","R34482","M6790","-","598","itetko","published","0.29","-log(mmol/L)","0.29","-log(mmol/L)","-"
"BrC1=CC=C(C=O)C=C1","R34483","M14351","-","599","itetko","published","0.587","-log(mmol/L)","0.587","-log(mmol/L)","-"
"CC1=CC=C(C=O)C=C1","R34484","M2992","-","600","itetko","published","-0.057","-log(mmol/L)","-0.057","-log(mmol/L)","-"
"FC1=CC=C(C=O)C=C1","R34485","M11236","-","601","itetko","published","-0.127","-log(mmol/L)","-0.127","-log(mmol/L)","-"
"O=CC1=CC=C(C=O)C=C1","R34486","M5871","-","602","itetko","published","-0.086","-log(mmol/L)","-0.086","-log(mmol/L)","-"
"COC1=CC=C(C=O)C=C1","R34487","M14343","-","603","itetko","published","-0.047","-log(mmol/L)","-0.047","-log(mmol/L)",""
"CCOC1=CC=C(C=O)C=C1","R34488","M5221","-","604","itetko","published","0.073","-log(mmol/L)","0.073","-log(mmol/L)","-"
"CC1=CC=CC=C1C=O","R34489","M1031","-","605","itetko","published","0.011","-log(mmol/L)","0.011","-log(mmol/L)","-"
"ClC1=CC=CC(C=O)=C1","R34490","M10607","-","606","itetko","published","0.406","-log(mmol/L)","0.406","-log(mmol/L)","-"
"BrC1=CC=CC(C=O)=C1","R34491","M10663","-","607","itetko","published","0.506","-log(mmol/L)","0.506","-log(mmol/L)","-"
"FC1=CC=CC(C=O)=C1","R34492","M8590","-","608","itetko","published","0.154","-log(mmol/L)","0.154","-log(mmol/L)","-"
"COC1=CC(OC)=C(C=O)C=C1","R34493","M6527","-","609","itetko","published","-0.056","-log(mmol/L)","-0.056","-log(mmol/L)","-"
"FC1=C(C=O)C=CC=C1","R34494","M14450","-","610","itetko","published","0.079","-log(mmol/L)","0.079","-log(mmol/L)","-"
"CCCCOC1=CC=C(C=O)C=C1","R34495","M12942","-","611","itetko","published","0.716","-log(mmol/L)","0.716","-log(mmol/L)","-"
"[O-][N+](=O)C1=CC=CC(Cl)=C1C=O","R34496","M10167","-","612","itetko","published","0.155","-log(mmol/L)","0.155","-log(mmol/L)","-"
"COC1=C(O)C(Cl)=C(C=O)C=C1","R34497","M2278","-","613","itetko","published","0.204","-log(mmol/L)","0.204","-log(mmol/L)","-"
"CC1=CC=C2C=CC=CC2=C1C=O","R34498","M12310","-","614","itetko","published","1.231","-log(mmol/L)","1.231","-log(mmol/L)","-"
"CC1=CC=C(C=O)C2=C1C=CC=C2","R34499","M6028","-","615","itetko","published","1.123","-log(mmol/L)","1.123","-log(mmol/L)","-"
"O=CC1=C2C=CC=CC2=C2C=CC=CC2=C1","R34500","M9055","-","616","itetko","published","1.708","-log(mmol/L)","1.708","-log(mmol/L)","-"
"OC1=CC=CC(C=O)=C1O","R34501","M4776","-","617","itetko","published","0.111","-log(mmol/L)","0.111","-log(mmol/L)","-"
"OC1=CC=C(O)C(C=O)=C1","R34502","M1449","-","618","itetko","published","0.277","-log(mmol/L)","0.277","-log(mmol/L)","-"
"OC1=C(O)C=C(C=O)C=C1","R34503","M4270","-","619","itetko","published","0.107","-log(mmol/L)","0.107","-log(mmol/L)","-"
"OC1=CC(C=O)=CC(O)=C1O","R34504","M9726","-","620","itetko","published","-0.196","-log(mmol/L)","-0.196","-log(mmol/L)","-"
"OC1=CC(O)=C(C=O)C(O)=C1","R34505","M1046","-","621","itetko","published","0.128","-log(mmol/L)","0.128","-log(mmol/L)","-"
"CCOC1=C(O)C(C=O)=CC=C1","R34506","M7882","-","622","itetko","published","0.85","-log(mmol/L)","0.85","-log(mmol/L)","-"
"COC1=C(O)C(C=O)=CC=C1","R34507","M5060","-","623","itetko","published","0.377","-log(mmol/L)","0.377","-log(mmol/L)","-"
"COC1=CC(OC)=C(C=O)C(O)=C1","R34508","M2833","-","624","itetko","published","0.617","-log(mmol/L)","0.617","-log(mmol/L)","-"
"OC1=CC(Cl)=C(C=O)C=C1","R34509","M14223","-","625","itetko","published","0.89","-log(mmol/L)","0.89","-log(mmol/L)","-"
"OC1=CC=C2C=CC=CC2=C1C=O","R34510","M7579","-","626","itetko","published","1.32","-log(mmol/L)","1.32","-log(mmol/L)","-"
"OC1=C2C=CC=CC2=C(C=O)C=C1","R34511","M6330","-","627","itetko","published","1.05","-log(mmol/L)","1.05","-log(mmol/L)","-"
"OC1=CC=C(C=O)C=C1Br","R34512","M11242","-","628","itetko","published","0.61","-log(mmol/L)","0.61","-log(mmol/L)","-"
"OC1=C(Br)C(O)=C(Br)C=C1Br","R34513","M13371","-","629","itetko","published","1.06","-log(mmol/L)","1.06","-log(mmol/L)","-"
"OC1=CC=C(C(=O)C2=CC=CC=C2)C(O)=C1","R34514","M14476","-","630","itetko","published","1.37","-log(mmol/L)","1.37","-log(mmol/L)","-"
"OC1=CC=CC=C1O","R34515","M13426","-","631","itetko","published","0.75","-log(mmol/L)","0.75","-log(mmol/L)","-"
"OC1=C(O)C=C(C=C1)[N+]([O-])=O","R34516","M12982","-","632","itetko","published","1.17","-log(mmol/L)","1.17","-log(mmol/L)","-"
"OC1=CC=CC(O)=C1O","R34517","M12514","-","633","itetko","published","0.85","-log(mmol/L)","0.85","-log(mmol/L)","-"
"OC1=CC=C(O)C(O)=C1","R34518","M3191","-","634","itetko","published","0.44","-log(mmol/L)","0.44","-log(mmol/L)","-"
"CC1=CC(O)=CC=C1O","R34519","M1500","-","635","itetko","published","1.86","-log(mmol/L)","1.86","-log(mmol/L)","-"
"CC1=C(C)C(O)=CC=C1O","R34520","M1117","-","636","itetko","published","1.41","-log(mmol/L)","1.41","-log(mmol/L)","-"
"CC1=C(O)C(C)=C(C)C(O)=C1","R34521","M480","-","637","itetko","published","1.34","-log(mmol/L)","1.34","-log(mmol/L)","-"
"CC1=C(C)C(O)=C(C)C(C)=C1O","R34522","M10672","-","638","itetko","published","1.28","-log(mmol/L)","1.28","-log(mmol/L)","-"
"OC1=CC(Cl)=C(O)C=C1","R34523","M206","-","639","itetko","published","1.26","-log(mmol/L)","1.26","-log(mmol/L)","-"
"OC1=CC=C(O)C(Br)=C1","R34524","M9653","-","640","itetko","published","1.68","-log(mmol/L)","1.68","-log(mmol/L)","-"
"OC1=C(Cl)C(Cl)=C(O)C(Cl)=C1Cl","R34525","M10645","-","641","itetko","published","2.11","-log(mmol/L)","2.11","-log(mmol/L)","-"
"OC1=CC(=C(O)C=C1)C1=CC=CC=C1","R34526","M12826","-","642","itetko","published","2.01","-log(mmol/L)","2.01","-log(mmol/L)","-"
"OC1=CC(Cl)=C(O)C=C1Cl","R34527","M585","-","643","itetko","published","1.81","-log(mmol/L)","1.81","-log(mmol/L)","-"
"OC1=C(Br)C(Br)=C(Br)C(Br)=C1O","R34528","M7753","-","644","itetko","published","0.98","-log(mmol/L)","0.98","-log(mmol/L)","-"
